id:ID(Person)|firstName:STRING|lastName:STRING|gender:STRING|birthday:LONG|creationDate:LONG|locationIP:STRING|browserUsed:STRING|speaks:STRING[]|email:STRING[]
8796093022220|Jose|Alonso|female|19870918|20100916065400602|196.1.135.241|Internet Explorer|es;en|Jose8796093022220@gmail.com;Jose8796093022220@gmx.com
2199023255591|Alexei|Feltsman|female|19851205|20100305155109862|31.192.132.124|Firefox|ru;en|Alexei2199023255591@gmail.com;Alexei2199023255591@zoho.com
4398046511124|Yahya Ould Ahmed El|Abdallahi|male|19890228|20100504195425021|41.188.97.221|Internet Explorer|ar;wo;en|Yahya.Ould.Ahmed.El4398046511124@gmail.com;Yahya.Ould.Ahmed.El4398046511124@hotmail.com;Yahya.Ould.Ahmed.El4398046511124@zoho.com
4398046511105|Evangelos|Alkaios|male|19870205|20100609055320823|91.223.132.248|Internet Explorer|en;fr|Evangelos4398046511105@gmx.com
8796093022239|Otto|Richter|male|19821112|20100825011851149|31.24.100.159|Firefox|de;en|Otto8796093022239@gmail.com;Otto8796093022239@gmx.com
8796093022222|Hossein|Forouhar|male|19840411|20100829185820222|77.245.239.11|Firefox|fa;ku;en|Hossein8796093022222@gmail.com;Hossein8796093022222@gmx.com;Hossein8796093022222@yahoo.com;Hossein8796093022222@zoho.com
10995116277794|Roberto|Diaz|female|19800808|20101112202509287|186.64.7.5|Firefox|es;en|Roberto10995116277794@gmail.com;Roberto10995116277794@hotmail.com;Roberto10995116277794@yahoo.com
48|Adje van den Berg|Vries|female|19860807|20100224142838717|31.24.165.15|Firefox|nl;en|Adje.van.den.Berg48@gmail.com;Adje.van.den.Berg48@gmx.com;Adje.van.den.Berg48@hotmail.com;Adje.van.den.Berg48@yahoo.com
6597069766681|Luigi|Colombo|male|19861121|20100707220955155|31.171.137.117|Internet Explorer|it;de;en|Luigi6597069766681@gmail.com;Luigi6597069766681@gmx.com;Luigi6597069766681@zoho.com
6|Baby|Yang|male|19850920|20100204064108221|27.131.221.93|Internet Explorer|zh;en|Baby6@gmail.com;Baby6@gmx.com;Baby6@yahoo.com
2199023255589|Wei|Wei|female|19850314|20100322142211928|27.112.88.106|Internet Explorer|zh;en|Wei2199023255589@gmail.com;Wei2199023255589@yahoo.com
8796093022235|Wojciech|Ciesla|male|19860107|20100901075244765|31.182.127.125|Internet Explorer|pl;en|Wojciech8796093022235@gmail.com;Wojciech8796093022235@hotmail.com;Wojciech8796093022235@yahoo.com
2199023255555|Aleksandr|Efimkin|male|19810908|20100318234144770|31.185.10.92|Internet Explorer|ru;en|Aleksandr2199023255555@gmail.com;Aleksandr2199023255555@hotmail.com
4398046511109|Eric|Mettacara|male|19890905|20100428124131109|203.215.63.48|Firefox|my;en|Eric4398046511109@gmail.com;Eric4398046511109@gmx.com;Eric4398046511109@yahoo.com
8796093022232|Jie|Yang|male|19801229|20101019230608006|27.98.220.136|Firefox|zh;en|Jie8796093022232@gmail.com;Jie8796093022232@hotmail.ru;Jie8796093022232@pookmail.com
2199023255574|Ken|Yamada|male|19861112|20100316045114078|27.122.45.252|Internet Explorer|ja;en|Ken2199023255574@gmail.com;Ken2199023255574@yahoo.com
4398046511113|Alim|Guliyev|female|19841107|20100624180451119|91.191.192.127|Firefox|az;ru;en|Alim4398046511113@gmail.com;Alim4398046511113@gmx.com
6597069766672|Jan|Zakrzewski|female|19860805|20100713052153260|31.41.169.140|Chrome|pl;en|Jan6597069766672@giza.cc;Jan6597069766672@gmail.com;Jan6597069766672@yahoo.com
10995116277793|Ali|Ferrer|female|19810630|20101109040051834|41.223.177.12|Safari|ar;fr;en|Ali10995116277793@gmail.com;Ali10995116277793@gmx.com
6597069766692|John|Reddy|male|19860928|20100718214210705|61.16.136.118|Chrome|ml;bn;en|John6597069766692@gmail.com
4398046511146|Ali|Achiou|female|19810411|20100605212755869|196.29.42.107|Firefox|ar;fr;en|Ali4398046511146@gmail.com;Ali4398046511146@gmx.com;Ali4398046511146@yahoo.com
6597069766701|Ali|Abouba|male|19870629|20100701114807191|41.203.147.168|Internet Explorer|fr;ha;en|Ali6597069766701@zoho.com
10995116277806|Alejandro|Garcia|male|19870116|20101026115536246|189.202.102.202|Firefox|es;en|Alejandro10995116277806@gmail.com;Alejandro10995116277806@gmx.com
4398046511133|Lei|Zhang|male|19860823|20100531165717025|1.2.2.77|Firefox|zh;en|Lei4398046511133@gmail.com;Lei4398046511133@yahoo.com
8796093022248|Celso|Oliveira|male|19880923|20100904042902147|192.190.31.253|Chrome|pt;en|Celso8796093022248@gmx.com
4398046511112|Djelaludin|Zaland|male|19830623|20100520022858974|180.222.139.188|Internet Explorer|tk;en|Djelaludin4398046511112@gmail.com;Djelaludin4398046511112@hotmail.com;Djelaludin4398046511112@yahoo.com
10995116277795|Ayesha|Ahmed|male|19881213|20101113114137510|202.4.167.190|Chrome|ur;en|Ayesha10995116277795@gmail.com;Ayesha10995116277795@gmx.com;Ayesha10995116277795@zoho.com
2199023255565|Mehmet|Koksal|female|19880104|20100301033249202|46.154.44.101|Firefox|tr;en|Mehmet2199023255565@yahoo.com
6597069766674|Neil|Murray|female|19820915|20100720232847148|41.74.150.41|Firefox|en;af|Neil6597069766674@gmail.com;Neil6597069766674@gmx.com
4398046511123|Jimmy|Burak|female|19840901|20100508171817047|197.220.203.36|Firefox|en;to|Jimmy4398046511123@gmail.com
4398046511147|Rahul|Khan|female|19871225|20100620153228150|27.116.34.47|Chrome|ml;mr;en|Rahul4398046511147@gmail.com
6597069766667|Cheng|Wei|male|19810508|20100806193734594|27.121.123.176|Chrome|zh;en|Cheng6597069766667@gmail.com;Cheng6597069766667@gmx.com;Cheng6597069766667@hotmail.com
4398046511136|Miguel|Gonzalez|male|19811018|20100518085058297|148.204.226.31|Chrome|es;en|Miguel4398046511136@chemist.com;Miguel4398046511136@gmail.com;Miguel4398046511136@hotmail.com;Miguel4398046511136@yahoo.com
6597069766656|John|Khan|male|19850327|20100710110323250|27.4.90.237|Internet Explorer|te;ur;en|John6597069766656@gmail.com
8796093022215|Jun|Li|female|19871007|20100831052020663|1.29.220.142|Chrome|zh;en|Jun8796093022215@gmail.com;Jun8796093022215@yahoo.com
41|John|Kumar|male|19860922|20100215232417359|27.116.33.147|Safari|gu;mr;en|John41@gmail.com;John41@jizan.cc;John41@yahoo.com;John41@zoho.com
4398046511151|Tissa|Perera|male|19830609|20100609174453772|103.1.176.97|Safari|ta;si;en|Tissa4398046511151@gmx.com;Tissa4398046511151@yahoo.com
6597069766660|Bryn|Davies|male|19850703|20100803034612785|31.170.121.115|Internet Explorer|en;cy|Bryn6597069766660@gmail.com;Bryn6597069766660@gmx.com;Bryn6597069766660@yahoo.com;Bryn6597069766660@zoho.com
10|Wolfgang|Bauer|male|19891120|20100205180237516|46.21.0.249|Internet Explorer|de;en|Wolfgang10@gmail.com;Wolfgang10@zoho.com
10995116277809|Ashok|Singh|male|19810501|20101111224036211|49.206.89.61|Safari|mr;ta;en|Ashok10995116277809@gmail.com;Ashok10995116277809@gmx.com;Ashok10995116277809@planetsmeg.com;Ashok10995116277809@yahoo.com
4398046511127|John|Johnson|male|19890608|20100618225446575|24.38.139.231|Firefox|en|John4398046511127@gmail.com;John4398046511127@gmx.com;John4398046511127@yahoo.com
4398046511106|Abdul Haris|Tobing|female|19891212|20100602125210098|58.145.168.54|Chrome|jv;en|Abdul.Haris4398046511106@gmail.com
8796093022252|Alexei|Kahnovich|female|19850712|20100824234509786|31.192.109.124|Internet Explorer|ru;en|Alexei8796093022252@gmail.com;Alexei8796093022252@yahoo.com
8796093022238|Joakim|Larsson|female|19800423|20100919223638635|31.209.42.207|Internet Explorer|sv;fi;en|Joakim8796093022238@gmx.com;Joakim8796093022238@hotmail.com;Joakim8796093022238@yahoo.com
2199023255580|Hans|Johansson|female|19820528|20100425173528712|31.209.179.5|Firefox|sv;en|Hans2199023255580@gmail.com;Hans2199023255580@yahoo.com
8796093022246|Alfonso|Rodriguez|female|19840511|20100915020440164|192.100.158.95|Internet Explorer|es;en|Alfonso8796093022246@yahoo.com
