id:ID(Post)|imageFile:STRING|creationDate:LONG|locationIP:STRING|browserUsed:STRING|language:STRING|content:STRING|length:INT
343597383680|photo343597383680.jpg|20101125055853756|41.78.114.237|Internet Explorer|||0
343597383681|photo343597383681.jpg|20101125055854756|196.1.135.241|Internet Explorer|||0
343597383682|photo343597383682.jpg|20101125055855756|196.1.135.241|Internet Explorer|||0
343597383683|photo343597383683.jpg|20101125055856756|196.1.135.241|Internet Explorer|||0
343597383684|photo343597383684.jpg|20101125055857756|196.1.135.241|Internet Explorer|||0
343597383685|photo343597383685.jpg|20101125055858756|196.1.135.241|Internet Explorer|||0
343597383686|photo343597383686.jpg|20101125055859756|196.1.135.241|Internet Explorer|||0
343597383687|photo343597383687.jpg|20101125055900756|196.1.135.241|Internet Explorer|||0
343597383688|photo343597383688.jpg|20101125055901756|196.1.135.241|Internet Explorer|||0
343597383689|photo343597383689.jpg|20101125055902756|196.1.135.241|Internet Explorer|||0
343597383690|photo343597383690.jpg|20101125055903756|196.1.135.241|Internet Explorer|||0
343597383691|photo343597383691.jpg|20101125055904756|196.1.135.241|Internet Explorer|||0
343597383692|photo343597383692.jpg|20101125055905756|196.1.135.241|Internet Explorer|||0
343597383693|photo343597383693.jpg|20101125055906756|196.1.135.241|Internet Explorer|||0
343597383694|photo343597383694.jpg|20101125055907756|196.1.135.241|Internet Explorer|||0
343597383695|photo343597383695.jpg|20101125055908756|196.1.135.241|Internet Explorer|||0
343597383696|photo343597383696.jpg|20101125055909756|196.1.135.241|Internet Explorer|||0
343597383697|photo343597383697.jpg|20101125055910756|196.1.135.241|Internet Explorer|||0
343597383698|photo343597383698.jpg|20101125055911756|193.41.40.248|Internet Explorer|||0
343597383699|photo343597383699.jpg|20101112143638636|196.1.135.241|Internet Explorer|||0
343597383700|photo343597383700.jpg|20101112143639636|196.1.135.241|Internet Explorer|||0
343597383701|photo343597383701.jpg|20101112143640636|196.1.135.241|Internet Explorer|||0
343597383702|photo343597383702.jpg|20101112143641636|196.1.135.241|Internet Explorer|||0
343597383703|photo343597383703.jpg|20101112143642636|196.1.135.241|Internet Explorer|||0
343597383704|photo343597383704.jpg|20101112143643636|196.1.135.241|Internet Explorer|||0
343597383705|photo343597383705.jpg|20101112143644636|196.1.135.241|Internet Explorer|||0
343597383706|photo343597383706.jpg|20101112143645636|196.1.135.241|Internet Explorer|||0
343597383707|photo343597383707.jpg|20101112143646636|196.1.135.241|Internet Explorer|||0
343597383708|photo343597383708.jpg|20101112143647636|196.1.135.241|Internet Explorer|||0
343597383709|photo343597383709.jpg|20101112143648636|196.1.135.241|Internet Explorer|||0
343597383710|photo343597383710.jpg|20101112143649636|196.1.135.241|Internet Explorer|||0
343597383711|photo343597383711.jpg|20101112143650636|196.1.135.241|Internet Explorer|||0
343597383712|photo343597383712.jpg|20101112143651636|196.1.135.241|Internet Explorer|||0
343597383713|photo343597383713.jpg|20101112143652636|196.1.135.241|Internet Explorer|||0
343597383714|photo343597383714.jpg|20101112143653636|196.1.135.241|Internet Explorer|||0
274877906979|photo274877906979.jpg|20100825015542746|31.24.100.159|Firefox|||0
274877906980|photo274877906980.jpg|20100825015543746|31.24.100.159|Firefox|||0
274877906981|photo274877906981.jpg|20100825015544746|31.24.100.159|Firefox|||0
274877906982|photo274877906982.jpg|20100825015545746|31.24.100.159|Firefox|||0
274877906983|photo274877906983.jpg|20100825015546746|31.24.100.159|Firefox|||0
274877906984|photo274877906984.jpg|20100825015547746|31.24.100.159|Firefox|||0
274877906985|photo274877906985.jpg|20100825015548746|31.24.100.159|Firefox|||0
274877906987|photo274877906987.jpg|20101007071320766|31.24.100.159|Firefox|||0
274877906988|photo274877906988.jpg|20101007071321766|31.24.100.159|Firefox|||0
274877907005|photo274877907005.jpg|20100929214859761|77.245.239.11|Firefox|||0
274877907006|photo274877907006.jpg|20100929214900761|77.245.239.11|Firefox|||0
274877907007|photo274877907007.jpg|20100929214901761|77.245.239.11|Firefox|||0
274877907008|photo274877907008.jpg|20100929214902761|77.245.239.11|Firefox|||0
274877907009|photo274877907009.jpg|20100929214903761|77.245.239.11|Firefox|||0
274877907010|photo274877907010.jpg|20100929214904761|77.245.239.11|Firefox|||0
274877907011|photo274877907011.jpg|20100929214905761|77.245.239.11|Firefox|||0
274877907012|photo274877907012.jpg|20100929214906761|77.245.239.11|Firefox|||0
274877907013|photo274877907013.jpg|20100929214907761|77.245.239.11|Firefox|||0
274877907014|photo274877907014.jpg|20100929214908761|77.245.239.11|Firefox|||0
274877907015|photo274877907015.jpg|20100929214909761|77.245.239.11|Firefox|||0
274877907016|photo274877907016.jpg|20100929214910761|77.245.239.11|Firefox|||0
274877907017|photo274877907017.jpg|20100929214911761|77.245.239.11|Firefox|||0
274877907018|photo274877907018.jpg|20100929214912761|77.245.239.11|Firefox|||0
274877907019|photo274877907019.jpg|20100929214913761|77.245.239.11|Firefox|||0
274877907020|photo274877907020.jpg|20100929214914761|77.245.239.11|Firefox|||0
274877907021|photo274877907021.jpg|20100929214915761|77.245.239.11|Firefox|||0
274877907022|photo274877907022.jpg|20100929214916761|77.245.239.11|Firefox|||0
274877907023|photo274877907023.jpg|20100929214917761|77.245.239.11|Firefox|||0
274877907024|photo274877907024.jpg|20100929214918761|77.245.239.11|Firefox|||0
343597383781|photo343597383781.jpg|20101020164614588|77.245.239.11|Firefox|||0
343597383782|photo343597383782.jpg|20101020164615588|77.245.239.11|Firefox|||0
343597383783|photo343597383783.jpg|20101020164616588|77.245.239.11|Firefox|||0
343597383784|photo343597383784.jpg|20101020164617588|77.245.239.11|Firefox|||0
343597383785|photo343597383785.jpg|20101020164618588|77.245.239.11|Firefox|||0
343597383786|photo343597383786.jpg|20101020164619588|77.245.239.11|Firefox|||0
343597383803|photo343597383803.jpg|20101109132312803|31.24.165.15|Firefox|||0
343597383804|photo343597383804.jpg|20101109132313803|31.24.165.15|Firefox|||0
343597383805|photo343597383805.jpg|20101109132314803|31.24.165.15|Firefox|||0
343597383806|photo343597383806.jpg|20101109132315803|31.24.165.15|Firefox|||0
343597383807|photo343597383807.jpg|20101109132316803|31.24.165.15|Firefox|||0
343597383808|photo343597383808.jpg|20101109132317803|31.24.165.15|Firefox|||0
343597383809|photo343597383809.jpg|20101109132318803|31.24.165.15|Firefox|||0
343597383810|photo343597383810.jpg|20101109132319803|31.24.165.15|Firefox|||0
343597383811|photo343597383811.jpg|20101109132320803|31.24.165.15|Firefox|||0
343597383812|photo343597383812.jpg|20101109132321803|31.24.165.15|Firefox|||0
343597383813|photo343597383813.jpg|20101109132322803|31.24.165.15|Firefox|||0
343597383814|photo343597383814.jpg|20101109132323803|31.24.165.15|Firefox|||0
343597383815|photo343597383815.jpg|20101109132324803|31.24.165.15|Firefox|||0
343597383816|photo343597383816.jpg|20101109132325803|31.24.165.15|Firefox|||0
343597383817|photo343597383817.jpg|20101109132326803|31.24.165.15|Firefox|||0
343597383818|photo343597383818.jpg|20101109132327803|31.24.165.15|Firefox|||0
343597383819|photo343597383819.jpg|20101109132328803|31.24.165.15|Firefox|||0
343597383820|photo343597383820.jpg|20101109132329803|31.24.165.15|Firefox|||0
343597383821|photo343597383821.jpg|20101109132330803|31.24.165.15|Firefox|||0
343597383822|photo343597383822.jpg|20101109132331803|31.24.165.15|Firefox|||0
206158430351|photo206158430351.jpg|20100629081732172|31.24.165.15|Firefox|||0
206158430352|photo206158430352.jpg|20100629081733172|31.24.165.15|Firefox|||0
206158430353|photo206158430353.jpg|20100629081734172|77.71.72.54|Firefox|||0
206158430354|photo206158430354.jpg|20100629081735172|31.24.165.15|Firefox|||0
206158430355|photo206158430355.jpg|20100629081736172|31.24.165.15|Firefox|||0
206158430356|photo206158430356.jpg|20100629081737172|31.24.165.15|Firefox|||0
206158430357|photo206158430357.jpg|20100629081738172|31.24.165.15|Firefox|||0
206158430358|photo206158430358.jpg|20100629081739172|31.24.165.15|Firefox|||0
206158430359|photo206158430359.jpg|20100629081740172|31.24.165.15|Firefox|||0
206158430360|photo206158430360.jpg|20100629081741172|31.24.165.15|Firefox|||0
206158430361|photo206158430361.jpg|20100629081742172|31.24.165.15|Firefox|||0
206158430362|photo206158430362.jpg|20100629081743172|87.192.202.92|Firefox|||0
206158430363|photo206158430363.jpg|20100629081744172|31.24.165.15|Firefox|||0
206158430364|photo206158430364.jpg|20100629081745172|103.22.137.115|Firefox|||0
206158430365|photo206158430365.jpg|20100629081746172|31.24.165.15|Firefox|||0
206158430366|photo206158430366.jpg|20100629081747172|31.24.165.15|Firefox|||0
206158430367|photo206158430367.jpg|20100629081748172|31.24.165.15|Firefox|||0
206158430368|photo206158430368.jpg|20100629081749172|31.24.165.15|Firefox|||0
206158430369|photo206158430369.jpg|20100629081750172|31.24.165.15|Firefox|||0
274877907106|photo274877907106.jpg|20101014160701552|31.24.165.15|Firefox|||0
274877907107|photo274877907107.jpg|20101014160702552|31.24.165.15|Firefox|||0
274877907108|photo274877907108.jpg|20101014160703552|31.24.165.15|Firefox|||0
274877907109|photo274877907109.jpg|20101014160704552|31.24.165.15|Firefox|||0
274877907110|photo274877907110.jpg|20101014160705552|31.24.165.15|Firefox|||0
274877907111|photo274877907111.jpg|20101014160706552|31.24.165.15|Firefox|||0
274877907112|photo274877907112.jpg|20101014160707552|31.24.165.15|Firefox|||0
274877907113|photo274877907113.jpg|20101014160708552|31.24.165.15|Firefox|||0
274877907114|photo274877907114.jpg|20101014160709552|31.24.165.15|Firefox|||0
274877907115|photo274877907115.jpg|20101014160710552|31.24.165.15|Firefox|||0
274877907116|photo274877907116.jpg|20101014160711552|31.24.165.15|Firefox|||0
274877907117|photo274877907117.jpg|20101014160712552|31.24.165.15|Firefox|||0
274877907118|photo274877907118.jpg|20101014160713552|31.24.165.15|Firefox|||0
274877907119|photo274877907119.jpg|20101014160714552|31.24.165.15|Firefox|||0
274877907120|photo274877907120.jpg|20101014160715552|31.24.165.15|Firefox|||0
274877907121|photo274877907121.jpg|20101014160716552|31.24.165.15|Firefox|||0
68719476914|photo68719476914.jpg|20100412210258661|178.76.35.48|Firefox|||0
68719476915|photo68719476915.jpg|20100412210259661|31.24.165.15|Firefox|||0
68719476916|photo68719476916.jpg|20100412210300661|31.24.165.15|Firefox|||0
68719476917|photo68719476917.jpg|20100412210301661|31.24.165.15|Firefox|||0
68719476918|photo68719476918.jpg|20100412210302661|31.24.165.15|Firefox|||0
68719476919|photo68719476919.jpg|20100412210303661|31.24.165.15|Firefox|||0
68719476920|photo68719476920.jpg|20100412210304661|31.24.165.15|Firefox|||0
68719476921|photo68719476921.jpg|20100412210305661|31.24.165.15|Firefox|||0
137438953658|photo137438953658.jpg|20100524001756462|31.24.165.15|Firefox|||0
137438953659|photo137438953659.jpg|20100524001757462|31.24.165.15|Firefox|||0
137438953660|photo137438953660.jpg|20100524001758462|195.230.97.93|Firefox|||0
137438953661|photo137438953661.jpg|20100524001759462|31.24.165.15|Firefox|||0
137438953662|photo137438953662.jpg|20100524001800462|31.24.165.15|Firefox|||0
137438953663|photo137438953663.jpg|20100524001801462|31.24.165.15|Firefox|||0
137438953664|photo137438953664.jpg|20100524001802462|31.24.165.15|Firefox|||0
137438953665|photo137438953665.jpg|20100524001803462|31.24.165.15|Firefox|||0
137438953666|photo137438953666.jpg|20100524001804462|31.24.165.15|Firefox|||0
137438953667|photo137438953667.jpg|20100524001805462|31.24.165.15|Firefox|||0
137438953668|photo137438953668.jpg|20100524001806462|31.24.165.15|Firefox|||0
137438953669|photo137438953669.jpg|20100524001807462|31.24.165.15|Firefox|||0
137438953670|photo137438953670.jpg|20100524001808462|31.24.165.15|Firefox|||0
137438953671|photo137438953671.jpg|20100524001809462|31.24.165.15|Firefox|||0
137438953672|photo137438953672.jpg|20100524001810462|31.24.165.15|Firefox|||0
137438953673|photo137438953673.jpg|20100524001811462|31.24.165.15|Firefox|||0
137438953674|photo137438953674.jpg|20100524001812462|31.24.165.15|Firefox|||0
137438953675|photo137438953675.jpg|20100524001813462|31.24.165.15|Firefox|||0
137438953676|photo137438953676.jpg|20100524001814462|31.24.165.15|Firefox|||0
206158430413|photo206158430413.jpg|20100714224304288|31.24.165.15|Firefox|||0
206158430414|photo206158430414.jpg|20100714224305288|31.24.165.15|Firefox|||0
206158430415|photo206158430415.jpg|20100714224306288|31.24.165.15|Firefox|||0
206158430416|photo206158430416.jpg|20100714224307288|31.24.165.15|Firefox|||0
206158430417|photo206158430417.jpg|20100714224308288|31.24.165.15|Firefox|||0
206158430418|photo206158430418.jpg|20100714224309288|31.24.165.15|Firefox|||0
206158430419|photo206158430419.jpg|20100714224310288|31.24.165.15|Firefox|||0
206158430420|photo206158430420.jpg|20100714224311288|31.24.165.15|Firefox|||0
206158430421|photo206158430421.jpg|20100714224312288|31.24.165.15|Firefox|||0
206158430422|photo206158430422.jpg|20100714224313288|31.24.165.15|Firefox|||0
206158430423|photo206158430423.jpg|20100714224314288|31.24.165.15|Firefox|||0
206158430424|photo206158430424.jpg|20100714224315288|31.24.165.15|Firefox|||0
206158430425|photo206158430425.jpg|20100714224316288|31.24.165.15|Firefox|||0
206158430426|photo206158430426.jpg|20100714224317288|31.24.165.15|Firefox|||0
206158430427|photo206158430427.jpg|20100714224318288|31.24.165.15|Firefox|||0
274877907164|photo274877907164.jpg|20100825172111229|31.24.165.15|Firefox|||0
274877907165|photo274877907165.jpg|20100825172112229|31.24.165.15|Firefox|||0
274877907166|photo274877907166.jpg|20100825172113229|31.24.165.15|Firefox|||0
274877907167|photo274877907167.jpg|20100825172114229|31.24.165.15|Firefox|||0
274877907168|photo274877907168.jpg|20100825172115229|31.24.165.15|Firefox|||0
274877907169|photo274877907169.jpg|20100825172116229|31.24.165.15|Firefox|||0
274877907170|photo274877907170.jpg|20100825172117229|31.24.165.15|Firefox|||0
274877907171|photo274877907171.jpg|20100825172118229|31.24.165.15|Firefox|||0
137438953702|photo137438953702.jpg|20100509031353696|27.131.221.93|Internet Explorer|||0
137438953703|photo137438953703.jpg|20100509031354696|27.131.221.93|Internet Explorer|||0
137438953704|photo137438953704.jpg|20100509031355696|27.131.221.93|Internet Explorer|||0
137438953705|photo137438953705.jpg|20100509031356696|27.131.221.93|Internet Explorer|||0
137438953706|photo137438953706.jpg|20100509031357696|27.131.221.93|Internet Explorer|||0
137438953707|photo137438953707.jpg|20100509031358696|27.131.221.93|Internet Explorer|||0
137438953708|photo137438953708.jpg|20100509031359696|77.236.188.142|Internet Explorer|||0
137438953709|photo137438953709.jpg|20100509031400696|27.131.221.93|Internet Explorer|||0
137438953710|photo137438953710.jpg|20100509031401696|27.131.221.93|Internet Explorer|||0
137438953711|photo137438953711.jpg|20100509031402696|27.131.221.93|Internet Explorer|||0
137438953712|photo137438953712.jpg|20100509031403696|27.131.221.93|Internet Explorer|||0
137438953713|photo137438953713.jpg|20100509031404696|27.131.221.93|Internet Explorer|||0
137438953714|photo137438953714.jpg|20100509031405696|27.131.221.93|Internet Explorer|||0
137438953715|photo137438953715.jpg|20100509031406696|27.131.221.93|Internet Explorer|||0
137438953716|photo137438953716.jpg|20100509031407696|27.131.221.93|Internet Explorer|||0
137438953717|photo137438953717.jpg|20100509031408696|27.131.221.93|Internet Explorer|||0
137438953718|photo137438953718.jpg|20100509031409696|94.66.59.188|Internet Explorer|||0
137438953719|photo137438953719.jpg|20100509031410696|27.131.221.93|Internet Explorer|||0
137438953720|photo137438953720.jpg|20100509031411696|31.41.88.127|Internet Explorer|||0
137438953721|photo137438953721.jpg|20100620165753982|27.131.221.93|Internet Explorer|||0
137438953722|photo137438953722.jpg|20100620165754982|27.131.221.93|Internet Explorer|||0
137438953723|photo137438953723.jpg|20100620165755982|27.131.221.93|Internet Explorer|||0
137438953724|photo137438953724.jpg|20100620165756982|27.131.221.93|Internet Explorer|||0
137438953725|photo137438953725.jpg|20100620165757982|27.131.221.93|Internet Explorer|||0
137438953726|photo137438953726.jpg|20100620165758982|27.131.221.93|Internet Explorer|||0
137438953727|photo137438953727.jpg|20100620165759982|27.131.221.93|Internet Explorer|||0
137438953728|photo137438953728.jpg|20100620165800982|27.131.221.93|Internet Explorer|||0
137438953729|photo137438953729.jpg|20100620165801982|27.131.221.93|Internet Explorer|||0
274877907202|photo274877907202.jpg|20100925202100902|27.131.221.93|Internet Explorer|||0
274877907203|photo274877907203.jpg|20100925202101902|27.131.221.93|Internet Explorer|||0
274877907204|photo274877907204.jpg|20100925202102902|27.131.221.93|Internet Explorer|||0
274877907205|photo274877907205.jpg|20100925202103902|27.131.221.93|Internet Explorer|||0
274877907206|photo274877907206.jpg|20100925202104902|27.131.221.93|Internet Explorer|||0
206158430471|photo206158430471.jpg|20100723074904590|27.131.221.93|Internet Explorer|||0
206158430472|photo206158430472.jpg|20100723074905590|27.131.221.93|Internet Explorer|||0
206158430473|photo206158430473.jpg|20100723074906590|27.131.221.93|Internet Explorer|||0
206158430474|photo206158430474.jpg|20100723074907590|27.131.221.93|Internet Explorer|||0
206158430475|photo206158430475.jpg|20100723074908590|27.131.221.93|Internet Explorer|||0
206158430476|photo206158430476.jpg|20100723074909590|27.131.221.93|Internet Explorer|||0
206158430477|photo206158430477.jpg|20100723074910590|27.131.221.93|Internet Explorer|||0
206158430478|photo206158430478.jpg|20100723074911590|27.131.221.93|Internet Explorer|||0
206158430479|photo206158430479.jpg|20100723074912590|27.131.221.93|Internet Explorer|||0
206158430480|photo206158430480.jpg|20100723074913590|27.131.221.93|Internet Explorer|||0
206158430481|photo206158430481.jpg|20100723074914590|27.131.221.93|Internet Explorer|||0
206158430482|photo206158430482.jpg|20100723074915590|27.131.221.93|Internet Explorer|||0
206158430483|photo206158430483.jpg|20100723074916590|27.131.221.93|Internet Explorer|||0
206158430484|photo206158430484.jpg|20100723074917590|27.131.221.93|Internet Explorer|||0
277|photo277.jpg|20100227075036202|27.131.221.93|Internet Explorer|||0
278|photo278.jpg|20100227075037202|27.131.221.93|Internet Explorer|||0
279|photo279.jpg|20100227075038202|27.131.221.93|Internet Explorer|||0
280|photo280.jpg|20100227075039202|27.131.221.93|Internet Explorer|||0
281|photo281.jpg|20100227075040202|27.131.221.93|Internet Explorer|||0
282|photo282.jpg|20100227075041202|27.131.221.93|Internet Explorer|||0
283|photo283.jpg|20100227075042202|27.131.221.93|Internet Explorer|||0
284|photo284.jpg|20100227075043202|27.131.221.93|Internet Explorer|||0
285|photo285.jpg|20100227075044202|27.131.221.93|Internet Explorer|||0
286|photo286.jpg|20100227075045202|27.131.221.93|Internet Explorer|||0
287|photo287.jpg|20100227075046202|27.131.221.93|Internet Explorer|||0
288|photo288.jpg|20100227075047202|27.131.221.93|Internet Explorer|||0
289|photo289.jpg|20100227075048202|27.131.221.93|Internet Explorer|||0
290|photo290.jpg|20100227075049202|27.131.221.93|Internet Explorer|||0
291|photo291.jpg|20100227075050202|27.131.221.93|Internet Explorer|||0
292|photo292.jpg|20100227075051202|27.131.221.93|Internet Explorer|||0
293|photo293.jpg|20100227075052202|27.131.221.93|Internet Explorer|||0
294|photo294.jpg|20100227075053202|27.131.221.93|Internet Explorer|||0
137438953767|photo137438953767.jpg|20100516014000605|27.131.221.93|Internet Explorer|||0
137438953768|photo137438953768.jpg|20100516014001605|27.131.221.93|Internet Explorer|||0
137438953769|photo137438953769.jpg|20100516014002605|27.131.221.93|Internet Explorer|||0
137438953770|photo137438953770.jpg|20100516014003605|27.131.221.93|Internet Explorer|||0
137438953771|photo137438953771.jpg|20100516014004605|27.131.221.93|Internet Explorer|||0
137438953772|photo137438953772.jpg|20100516014005605|27.131.221.93|Internet Explorer|||0
68719477037|photo68719477037.jpg|20100307080654740|27.131.221.93|Internet Explorer|||0
68719477038|photo68719477038.jpg|20100307080655740|27.131.221.93|Internet Explorer|||0
206158430511|photo206158430511.jpg|20100702055842527|27.131.221.93|Internet Explorer|||0
206158430512|photo206158430512.jpg|20100702055843527|27.131.221.93|Internet Explorer|||0
206158430513|photo206158430513.jpg|20100702055844527|27.131.221.93|Internet Explorer|||0
274877907250|photo274877907250.jpg|20100915123232204|27.131.221.93|Internet Explorer|||0
274877907251|photo274877907251.jpg|20100915123233204|27.131.221.93|Internet Explorer|||0
274877907252|photo274877907252.jpg|20100915123234204|27.131.221.93|Internet Explorer|||0
274877907253|photo274877907253.jpg|20100915123235204|27.131.221.93|Internet Explorer|||0
274877907254|photo274877907254.jpg|20100915123236204|27.131.221.93|Internet Explorer|||0
274877907255|photo274877907255.jpg|20100915123237204|27.131.221.93|Internet Explorer|||0
274877907256|photo274877907256.jpg|20100915123238204|27.131.221.93|Internet Explorer|||0
274877907257|photo274877907257.jpg|20100915123239204|27.131.221.93|Internet Explorer|||0
274877907258|photo274877907258.jpg|20100915123240204|27.131.221.93|Internet Explorer|||0
274877907259|photo274877907259.jpg|20100915123241204|27.131.221.93|Internet Explorer|||0
274877907260|photo274877907260.jpg|20100915123242204|27.131.221.93|Internet Explorer|||0
274877907261|photo274877907261.jpg|20100915123243204|27.131.221.93|Internet Explorer|||0
274877907262|photo274877907262.jpg|20101003055720291|27.131.221.93|Internet Explorer|||0
274877907263|photo274877907263.jpg|20101003055721291|27.131.221.93|Internet Explorer|||0
274877907264|photo274877907264.jpg|20101003055722291|27.131.221.93|Internet Explorer|||0
274877907265|photo274877907265.jpg|20101003055723291|27.131.221.93|Internet Explorer|||0
274877907266|photo274877907266.jpg|20101003055724291|27.131.221.93|Internet Explorer|||0
274877907267|photo274877907267.jpg|20101003055725291|27.131.221.93|Internet Explorer|||0
137438953796||20100504012700426|27.122.45.252|Internet Explorer|tk|About Joe Strummer, writing, radio broadcasting, About Georges Bizet,  were frequently revised and About All Hands on the Bad One, merican i|140
274877907278||20100916224917472|196.29.42.107|Firefox|tk|About Fidel Castro, onalizing industry, introducing free healthcare and eduAbout Theodore Roosevelt, nked by|108
274877907314|photo274877907314.jpg|20100922192220889|196.29.42.107|Firefox|||0
274877907315|photo274877907315.jpg|20100922192221889|196.29.42.107|Firefox|||0
274877907316|photo274877907316.jpg|20100824140338657|196.29.42.107|Firefox|||0
274877907317|photo274877907317.jpg|20100824140339657|196.29.42.107|Firefox|||0
274877907318|photo274877907318.jpg|20100824140340657|196.29.42.107|Firefox|||0
274877907319|photo274877907319.jpg|20100824140341657|196.29.42.107|Firefox|||0
274877907320|photo274877907320.jpg|20100824140342657|196.29.42.107|Firefox|||0
274877907321|photo274877907321.jpg|20100824140343657|196.29.42.107|Firefox|||0
274877907322|photo274877907322.jpg|20100824140344657|196.29.42.107|Firefox|||0
274877907323|photo274877907323.jpg|20100824140345657|196.29.42.107|Firefox|||0
274877907324|photo274877907324.jpg|20100824140346657|196.29.42.107|Firefox|||0
274877907325|photo274877907325.jpg|20100824140347657|196.29.42.107|Firefox|||0
274877907326|photo274877907326.jpg|20100824140348657|196.29.42.107|Firefox|||0
274877907327|photo274877907327.jpg|20100824140349657|196.29.42.107|Firefox|||0
274877907328|photo274877907328.jpg|20100824140350657|196.29.42.107|Firefox|||0
274877907329|photo274877907329.jpg|20100824140351657|196.29.42.107|Firefox|||0
206158430594|photo206158430594.jpg|20100703165757956|196.29.42.107|Firefox|||0
206158430595|photo206158430595.jpg|20100703165758956|196.29.42.107|Firefox|||0
206158430596|photo206158430596.jpg|20100703165759956|196.29.42.107|Firefox|||0
206158430597|photo206158430597.jpg|20100703165800956|196.29.42.107|Firefox|||0
206158430598|photo206158430598.jpg|20100703165801956|196.29.42.107|Firefox|||0
206158430599|photo206158430599.jpg|20100703165802956|196.29.42.107|Firefox|||0
206158430600|photo206158430600.jpg|20100703165803956|196.29.42.107|Firefox|||0
206158430601|photo206158430601.jpg|20100703165804956|196.29.42.107|Firefox|||0
206158430602|photo206158430602.jpg|20100703165805956|196.29.42.107|Firefox|||0
206158430603|photo206158430603.jpg|20100703165806956|196.29.42.107|Firefox|||0
206158430604|photo206158430604.jpg|20100703165807956|196.29.42.107|Firefox|||0
206158430605|photo206158430605.jpg|20100703165808956|196.29.42.107|Firefox|||0
206158430606|photo206158430606.jpg|20100703165809956|196.29.42.107|Firefox|||0
206158430607|photo206158430607.jpg|20100703165810956|196.29.42.107|Firefox|||0
206158430608|photo206158430608.jpg|20100703165811956|196.29.42.107|Firefox|||0
206158430609|photo206158430609.jpg|20100703165812956|196.29.42.107|Firefox|||0
206158430610|photo206158430610.jpg|20100703165813956|196.29.42.107|Firefox|||0
206158430611|photo206158430611.jpg|20100703165814956|200.0.71.176|Firefox|||0
206158430612|photo206158430612.jpg|20100703165815956|196.29.42.107|Firefox|||0
206158430613|photo206158430613.jpg|20100801071528284|196.29.42.107|Firefox|||0
206158430614|photo206158430614.jpg|20100801071529284|196.29.42.107|Firefox|||0
206158430615|photo206158430615.jpg|20100801071530284|196.29.42.107|Firefox|||0
206158430616|photo206158430616.jpg|20100801071531284|196.29.42.107|Firefox|||0
206158430617|photo206158430617.jpg|20100801071532284|196.29.42.107|Firefox|||0
206158430618|photo206158430618.jpg|20100801071533284|196.29.42.107|Firefox|||0
206158430619|photo206158430619.jpg|20100801071534284|196.29.42.107|Firefox|||0
206158430620|photo206158430620.jpg|20100801071535284|196.29.42.107|Firefox|||0
206158430621|photo206158430621.jpg|20100801071536284|196.29.42.107|Firefox|||0
206158430622|photo206158430622.jpg|20100801071537284|196.29.42.107|Firefox|||0
206158430623|photo206158430623.jpg|20100805141437511|1.2.2.77|Firefox|||0
206158430624|photo206158430624.jpg|20100805141438511|1.2.2.77|Firefox|||0
206158430625|photo206158430625.jpg|20100805141439511|1.2.2.77|Firefox|||0
206158430626|photo206158430626.jpg|20100805141440511|1.2.2.77|Firefox|||0
137438953891|photo137438953891.jpg|20100621164321377|1.2.2.77|Firefox|||0
137438953892|photo137438953892.jpg|20100621164322377|1.2.2.77|Firefox|||0
137438953893|photo137438953893.jpg|20100621164323377|1.2.2.77|Firefox|||0
137438953894|photo137438953894.jpg|20100621164324377|31.12.86.241|Firefox|||0
137438953895|photo137438953895.jpg|20100621164325377|1.2.2.77|Firefox|||0
137438953896|photo137438953896.jpg|20100621164326377|1.2.2.77|Firefox|||0
137438953897|photo137438953897.jpg|20100621164327377|1.2.2.77|Firefox|||0
137438953898|photo137438953898.jpg|20100621164328377|1.2.2.77|Firefox|||0
137438953899|photo137438953899.jpg|20100621164329377|1.2.2.77|Firefox|||0
137438953900|photo137438953900.jpg|20100621164330377|1.2.2.77|Firefox|||0
137438953901|photo137438953901.jpg|20100621164331377|1.2.2.77|Firefox|||0
137438953902|photo137438953902.jpg|20100621164332377|1.2.2.77|Firefox|||0
137438953903|photo137438953903.jpg|20100621164333377|1.2.2.77|Firefox|||0
137438953904|photo137438953904.jpg|20100621164334377|1.2.2.77|Firefox|||0
137438953905|photo137438953905.jpg|20100621164335377|1.2.2.77|Firefox|||0
137438953906|photo137438953906.jpg|20100621164336377|1.2.2.77|Firefox|||0
137438953907|photo137438953907.jpg|20100621164337377|1.2.2.77|Firefox|||0
206158430644|photo206158430644.jpg|20100630055200389|1.2.2.77|Firefox|||0
206158430645|photo206158430645.jpg|20100630055201389|1.2.2.77|Firefox|||0
206158430646|photo206158430646.jpg|20100630055202389|1.2.2.77|Firefox|||0
206158430647|photo206158430647.jpg|20100630055203389|1.2.2.77|Firefox|||0
206158430648|photo206158430648.jpg|20100630055204389|1.2.2.77|Firefox|||0
206158430649|photo206158430649.jpg|20100630055205389|186.37.44.101|Firefox|||0
206158430650|photo206158430650.jpg|20100630055206389|1.2.2.77|Firefox|||0
206158430651|photo206158430651.jpg|20100630055207389|1.2.2.77|Firefox|||0
206158430652|photo206158430652.jpg|20100630055208389|41.197.127.11|Firefox|||0
206158430653|photo206158430653.jpg|20100630055209389|1.2.2.77|Firefox|||0
206158430654|photo206158430654.jpg|20100630055210389|1.2.2.77|Firefox|||0
206158430655|photo206158430655.jpg|20100630055211389|1.2.2.77|Firefox|||0
206158430656|photo206158430656.jpg|20100630055212389|62.61.188.174|Firefox|||0
206158430657|photo206158430657.jpg|20100630055213389|1.2.2.77|Firefox|||0
206158430658|photo206158430658.jpg|20100630055214389|1.2.2.77|Firefox|||0
206158430659|photo206158430659.jpg|20100630055215389|1.2.2.77|Firefox|||0
206158430660|photo206158430660.jpg|20100630055216389|1.2.2.77|Firefox|||0
206158430661|photo206158430661.jpg|20100630055217389|1.2.2.77|Firefox|||0
206158430662|photo206158430662.jpg|20100630055218389|1.2.2.77|Firefox|||0
206158430663|photo206158430663.jpg|20100630055219389|1.2.2.77|Firefox|||0
274877907400|photo274877907400.jpg|20100824211718206|1.2.2.77|Firefox|||0
274877907401|photo274877907401.jpg|20100824211719206|1.2.2.77|Firefox|||0
274877907402|photo274877907402.jpg|20100824211720206|1.2.2.77|Firefox|||0
274877907403|photo274877907403.jpg|20100824211721206|1.2.2.77|Firefox|||0
274877907404|photo274877907404.jpg|20100824211722206|1.2.2.77|Firefox|||0
274877907405|photo274877907405.jpg|20100824211723206|1.2.2.77|Firefox|||0
274877907406|photo274877907406.jpg|20100824211724206|1.2.2.77|Firefox|||0
206158430671|photo206158430671.jpg|20100812103523600|1.2.2.77|Firefox|||0
206158430672|photo206158430672.jpg|20100812103524600|1.2.2.77|Firefox|||0
206158430673|photo206158430673.jpg|20100812103525600|1.2.2.77|Firefox|||0
206158430674|photo206158430674.jpg|20100812103526600|1.2.2.77|Firefox|||0
206158430675|photo206158430675.jpg|20100812103527600|1.2.2.77|Firefox|||0
206158430676|photo206158430676.jpg|20100812103528600|1.2.2.77|Firefox|||0
206158430677|photo206158430677.jpg|20100812103529600|1.2.2.77|Firefox|||0
206158430678|photo206158430678.jpg|20100812103530600|1.2.2.77|Firefox|||0
206158430679|photo206158430679.jpg|20100812103531600|1.2.2.77|Firefox|||0
206158430680|photo206158430680.jpg|20100812103532600|1.2.2.77|Firefox|||0
274877907417|photo274877907417.jpg|20101006140739700|1.2.2.77|Firefox|||0
274877907418|photo274877907418.jpg|20101006140740700|1.2.2.77|Firefox|||0
274877907419|photo274877907419.jpg|20101006140741700|1.2.2.77|Firefox|||0
274877907420|photo274877907420.jpg|20101006140742700|1.2.2.77|Firefox|||0
274877907421|photo274877907421.jpg|20101006140743700|1.2.2.77|Firefox|||0
274877907422|photo274877907422.jpg|20101006140744700|1.2.2.77|Firefox|||0
274877907423|photo274877907423.jpg|20100922210837914|1.2.2.77|Firefox|||0
343597384184|photo343597384184.jpg|20101110181813197|192.190.31.253|Chrome|||0
343597384185|photo343597384185.jpg|20101110181814197|192.190.31.253|Chrome|||0
343597384186|photo343597384186.jpg|20101110181815197|192.190.31.253|Chrome|||0
343597384187|photo343597384187.jpg|20101110181816197|192.190.31.253|Chrome|||0
343597384188|photo343597384188.jpg|20101110181817197|192.190.31.253|Chrome|||0
343597384189|photo343597384189.jpg|20101110181818197|192.190.31.253|Chrome|||0
343597384190|photo343597384190.jpg|20101110181819197|192.190.31.253|Chrome|||0
343597384191|photo343597384191.jpg|20101110181820197|192.190.31.253|Chrome|||0
343597384192|photo343597384192.jpg|20101110181821197|192.190.31.253|Chrome|||0
343597384193|photo343597384193.jpg|20101110181822197|192.190.31.253|Chrome|||0
343597384194|photo343597384194.jpg|20101110181823197|192.190.31.253|Chrome|||0
343597384195|photo343597384195.jpg|20101110181824197|192.190.31.253|Chrome|||0
343597384196|photo343597384196.jpg|20101110181825197|192.190.31.253|Chrome|||0
343597384197|photo343597384197.jpg|20101110181826197|192.190.31.253|Chrome|||0
343597384198|photo343597384198.jpg|20101110181827197|192.190.31.253|Chrome|||0
343597384199|photo343597384199.jpg|20101110181828197|192.190.31.253|Chrome|||0
343597384200|photo343597384200.jpg|20101110181829197|192.190.31.253|Chrome|||0
343597384201|photo343597384201.jpg|20101108143620953|192.190.31.253|Chrome|||0
343597384202|photo343597384202.jpg|20101108143621953|192.190.31.253|Chrome|||0
343597384203|photo343597384203.jpg|20101108143622953|192.190.31.253|Chrome|||0
343597384204|photo343597384204.jpg|20101108143623953|192.190.31.253|Chrome|||0
343597384205|photo343597384205.jpg|20101108143624953|192.190.31.253|Chrome|||0
343597384206|photo343597384206.jpg|20101108143625953|192.190.31.253|Chrome|||0
343597384207|photo343597384207.jpg|20101108143626953|192.190.31.253|Chrome|||0
343597384208|photo343597384208.jpg|20101108143627953|192.190.31.253|Chrome|||0
343597384209|photo343597384209.jpg|20101108143628953|192.190.31.253|Chrome|||0
343597384210|photo343597384210.jpg|20101108143629953|192.190.31.253|Chrome|||0
343597384211|photo343597384211.jpg|20101108143630953|36.37.65.140|Chrome|||0
343597384212|photo343597384212.jpg|20101108143631953|192.190.31.253|Chrome|||0
343597384213|photo343597384213.jpg|20101108143632953|192.190.31.253|Chrome|||0
343597384214|photo343597384214.jpg|20101108143633953|192.190.31.253|Chrome|||0
343597384215|photo343597384215.jpg|20101108143634953|192.190.31.253|Chrome|||0
343597384216|photo343597384216.jpg|20101108143635953|192.190.31.253|Chrome|||0
343597384217|photo343597384217.jpg|20101108143636953|192.190.31.253|Chrome|||0
343597384218|photo343597384218.jpg|20101108143637953|192.190.31.253|Chrome|||0
343597384219|photo343597384219.jpg|20101108143638953|192.190.31.253|Chrome|||0
343597384240|photo343597384240.jpg|20101109232708814|41.74.150.41|Firefox|||0
343597384241|photo343597384241.jpg|20101109232709814|41.74.150.41|Firefox|||0
343597384242|photo343597384242.jpg|20101109232710814|41.74.150.41|Firefox|||0
343597384243|photo343597384243.jpg|20101109232711814|41.74.150.41|Firefox|||0
343597384244|photo343597384244.jpg|20101109232712814|41.74.150.41|Firefox|||0
343597384245|photo343597384245.jpg|20101109232713814|41.74.150.41|Firefox|||0
343597384246|photo343597384246.jpg|20101109232714814|41.74.150.41|Firefox|||0
343597384247|photo343597384247.jpg|20101109232715814|41.74.150.41|Firefox|||0
343597384248|photo343597384248.jpg|20101109232716814|41.74.150.41|Firefox|||0
343597384249|photo343597384249.jpg|20101109232717814|41.74.150.41|Firefox|||0
343597384250|photo343597384250.jpg|20101109232718814|41.74.150.41|Firefox|||0
343597384251|photo343597384251.jpg|20101109232719814|41.74.150.41|Firefox|||0
343597384252|photo343597384252.jpg|20101109232720814|46.17.91.36|Firefox|||0
343597384253|photo343597384253.jpg|20101109232721814|41.74.150.41|Firefox|||0
343597384254|photo343597384254.jpg|20101109232722814|41.74.150.41|Firefox|||0
343597384255|photo343597384255.jpg|20101109232723814|41.74.150.41|Firefox|||0
274877907523|photo274877907523.jpg|20101004213930986|41.74.150.41|Firefox|||0
274877907524|photo274877907524.jpg|20101004213931986|41.74.150.41|Firefox|||0
274877907525|photo274877907525.jpg|20101004213932986|41.74.150.41|Firefox|||0
274877907526|photo274877907526.jpg|20101004213933986|41.74.150.41|Firefox|||0
274877907527|photo274877907527.jpg|20101004213934986|41.74.150.41|Firefox|||0
274877907528|photo274877907528.jpg|20101004213935986|41.74.150.41|Firefox|||0
274877907529|photo274877907529.jpg|20101004213936986|41.74.150.41|Firefox|||0
274877907530|photo274877907530.jpg|20101004213937986|41.74.150.41|Firefox|||0
274877907531|photo274877907531.jpg|20101004213938986|41.74.150.41|Firefox|||0
274877907532|photo274877907532.jpg|20101004213939986|41.74.150.41|Firefox|||0
274877907533|photo274877907533.jpg|20101004213940986|41.74.150.41|Firefox|||0
274877907534|photo274877907534.jpg|20101004213941986|41.74.150.41|Firefox|||0
274877907535|photo274877907535.jpg|20101004213942986|41.74.150.41|Firefox|||0
274877907536|photo274877907536.jpg|20101013131957468|41.74.150.41|Firefox|||0
274877907537|photo274877907537.jpg|20101013131958468|41.75.129.221|Firefox|||0
274877907538|photo274877907538.jpg|20101013131959468|41.74.150.41|Firefox|||0
274877907539|photo274877907539.jpg|20101013132000468|41.74.150.41|Firefox|||0
274877907540|photo274877907540.jpg|20101013132001468|41.74.150.41|Firefox|||0
274877907541|photo274877907541.jpg|20101013132002468|41.74.150.41|Firefox|||0
274877907542|photo274877907542.jpg|20101013132003468|41.74.150.41|Firefox|||0
274877907543|photo274877907543.jpg|20101013132004468|41.74.150.41|Firefox|||0
274877907544|photo274877907544.jpg|20101013132005468|41.74.150.41|Firefox|||0
274877907545|photo274877907545.jpg|20101013132006468|41.74.150.41|Firefox|||0
274877907546|photo274877907546.jpg|20101013132007468|41.74.150.41|Firefox|||0
274877907547|photo274877907547.jpg|20101013132008468|41.74.150.41|Firefox|||0
274877907548|photo274877907548.jpg|20101013132009468|41.74.150.41|Firefox|||0
274877907549|photo274877907549.jpg|20101013132010468|41.74.150.41|Firefox|||0
274877907550|photo274877907550.jpg|20101013132011468|41.74.150.41|Firefox|||0
274877907551|photo274877907551.jpg|20100917150958160|41.74.150.41|Firefox|||0
274877907552|photo274877907552.jpg|20100917150959160|41.74.150.41|Firefox|||0
274877907553|photo274877907553.jpg|20100917151000160|41.74.150.41|Firefox|||0
274877907554|photo274877907554.jpg|20100917151001160|41.74.150.41|Firefox|||0
274877907555|photo274877907555.jpg|20100917151002160|41.74.150.41|Firefox|||0
274877907556|photo274877907556.jpg|20100917151003160|41.74.150.41|Firefox|||0
274877907557|photo274877907557.jpg|20100917151004160|41.74.150.41|Firefox|||0
274877907558|photo274877907558.jpg|20100917151005160|41.74.150.41|Firefox|||0
274877907559|photo274877907559.jpg|20100917151006160|41.74.150.41|Firefox|||0
274877907560|photo274877907560.jpg|20100917151007160|41.74.150.41|Firefox|||0
274877907561|photo274877907561.jpg|20100917151008160|41.74.150.41|Firefox|||0
274877907562|photo274877907562.jpg|20100917151009160|41.74.150.41|Firefox|||0
274877907563|photo274877907563.jpg|20100917151010160|41.74.150.41|Firefox|||0
274877907564|photo274877907564.jpg|20100917151011160|41.74.150.41|Firefox|||0
274877907565|photo274877907565.jpg|20100917151012160|41.74.150.41|Firefox|||0
206158430830|photo206158430830.jpg|20100807203603404|197.220.203.36|Firefox|||0
206158430831|photo206158430831.jpg|20100807203604404|197.220.203.36|Firefox|||0
206158430832|photo206158430832.jpg|20100807203605404|197.220.203.36|Firefox|||0
206158430833|photo206158430833.jpg|20100807203606404|197.220.203.36|Firefox|||0
206158430834|photo206158430834.jpg|20100807203607404|197.220.203.36|Firefox|||0
206158430835|photo206158430835.jpg|20100807203608404|197.220.203.36|Firefox|||0
206158430836|photo206158430836.jpg|20100807203609404|197.220.203.36|Firefox|||0
206158430837|photo206158430837.jpg|20100807203610404|197.220.203.36|Firefox|||0
206158430838|photo206158430838.jpg|20100807203611404|197.220.203.36|Firefox|||0
206158430839|photo206158430839.jpg|20100807203612404|197.220.203.36|Firefox|||0
206158430840|photo206158430840.jpg|20100807203613404|197.220.203.36|Firefox|||0
206158430841|photo206158430841.jpg|20100807203614404|197.220.203.36|Firefox|||0
206158430842|photo206158430842.jpg|20100807203615404|197.220.203.36|Firefox|||0
206158430843|photo206158430843.jpg|20100807203616404|197.220.203.36|Firefox|||0
206158430844|photo206158430844.jpg|20100807203617404|197.220.203.36|Firefox|||0
206158430845|photo206158430845.jpg|20100807203618404|197.220.203.36|Firefox|||0
206158430846|photo206158430846.jpg|20100807203619404|197.220.203.36|Firefox|||0
206158430847|photo206158430847.jpg|20100807203620404|197.220.203.36|Firefox|||0
137438954112|photo137438954112.jpg|20100529001823282|197.220.203.36|Firefox|||0
137438954113|photo137438954113.jpg|20100529001824282|46.16.41.189|Firefox|||0
137438954114|photo137438954114.jpg|20100529001825282|197.220.203.36|Firefox|||0
137438954115|photo137438954115.jpg|20100529001826282|197.220.203.36|Firefox|||0
137438954116|photo137438954116.jpg|20100529001827282|197.220.203.36|Firefox|||0
137438954117|photo137438954117.jpg|20100529001828282|197.220.203.36|Firefox|||0
137438954118|photo137438954118.jpg|20100529001829282|197.220.203.36|Firefox|||0
137438954119|photo137438954119.jpg|20100529001830282|197.220.203.36|Firefox|||0
137438954120|photo137438954120.jpg|20100529001831282|197.220.203.36|Firefox|||0
137438954121|photo137438954121.jpg|20100529001832282|197.220.203.36|Firefox|||0
137438954122|photo137438954122.jpg|20100529001833282|197.220.203.36|Firefox|||0
137438954123|photo137438954123.jpg|20100529001834282|197.220.203.36|Firefox|||0
137438954124|photo137438954124.jpg|20100529001835282|197.220.203.36|Firefox|||0
206158430861|photo206158430861.jpg|20100820155356959|197.220.203.36|Firefox|||0
206158430862|photo206158430862.jpg|20100820155357959|46.17.109.252|Firefox|||0
206158430863|photo206158430863.jpg|20100820155358959|197.220.203.36|Firefox|||0
206158430864|photo206158430864.jpg|20100820155359959|197.220.203.36|Firefox|||0
206158430865|photo206158430865.jpg|20100820155400959|197.220.203.36|Firefox|||0
206158430866|photo206158430866.jpg|20100820155401959|197.220.203.36|Firefox|||0
206158430867|photo206158430867.jpg|20100820155402959|190.211.235.231|Firefox|||0
206158430868|photo206158430868.jpg|20100820155403959|197.220.203.36|Firefox|||0
206158430869|photo206158430869.jpg|20100820155404959|197.220.203.36|Firefox|||0
206158430870|photo206158430870.jpg|20100820155405959|197.220.203.36|Firefox|||0
206158430871|photo206158430871.jpg|20100820155406959|91.212.199.136|Firefox|||0
206158430872|photo206158430872.jpg|20100820155407959|197.220.203.36|Firefox|||0
206158430873|photo206158430873.jpg|20100820155408959|197.220.203.36|Firefox|||0
206158430874|photo206158430874.jpg|20100820155409959|197.220.203.36|Firefox|||0
206158430875|photo206158430875.jpg|20100820155410959|197.220.203.36|Firefox|||0
206158430876|photo206158430876.jpg|20100820155411959|197.220.203.36|Firefox|||0
206158430877|photo206158430877.jpg|20100820155412959|197.220.203.36|Firefox|||0
206158430878|photo206158430878.jpg|20100820155413959|197.220.203.36|Firefox|||0
206158430879|photo206158430879.jpg|20100820155414959|197.220.203.36|Firefox|||0
206158430880|photo206158430880.jpg|20100820155415959|197.220.203.36|Firefox|||0
274877907617|photo274877907617.jpg|20100902133701908|197.220.203.36|Firefox|||0
274877907618|photo274877907618.jpg|20100902133702908|197.220.203.36|Firefox|||0
274877907619|photo274877907619.jpg|20100902133703908|197.220.203.36|Firefox|||0
274877907620|photo274877907620.jpg|20100902133704908|197.220.203.36|Firefox|||0
274877907621|photo274877907621.jpg|20100902133705908|197.220.203.36|Firefox|||0
274877907622|photo274877907622.jpg|20100902133706908|197.220.203.36|Firefox|||0
274877907623|photo274877907623.jpg|20100902133707908|197.220.203.36|Firefox|||0
274877907624|photo274877907624.jpg|20100902133708908|197.220.203.36|Firefox|||0
274877907625|photo274877907625.jpg|20100902133709908|197.220.203.36|Firefox|||0
274877907626|photo274877907626.jpg|20100902133710908|197.220.203.36|Firefox|||0
274877907627|photo274877907627.jpg|20100902133711908|197.220.203.36|Firefox|||0
206158430892|photo206158430892.jpg|20100821191732115|197.220.203.36|Firefox|||0
206158430893|photo206158430893.jpg|20100821191733115|197.220.203.36|Firefox|||0
206158430894|photo206158430894.jpg|20100821191734115|197.220.203.36|Firefox|||0
206158430895|photo206158430895.jpg|20100821191735115|197.220.203.36|Firefox|||0
206158430896|photo206158430896.jpg|20100821191736115|197.220.203.36|Firefox|||0
206158430897|photo206158430897.jpg|20100821191737115|197.220.203.36|Firefox|||0
206158430898|photo206158430898.jpg|20100821191738115|197.220.203.36|Firefox|||0
206158430899|photo206158430899.jpg|20100821191739115|197.220.203.36|Firefox|||0
206158430900|photo206158430900.jpg|20100821191740115|197.220.203.36|Firefox|||0
206158430901|photo206158430901.jpg|20100821191741115|197.220.203.36|Firefox|||0
206158430902|photo206158430902.jpg|20100821191742115|197.220.203.36|Firefox|||0
206158430903|photo206158430903.jpg|20100821191743115|197.220.203.36|Firefox|||0
206158430904|photo206158430904.jpg|20100821191744115|197.220.203.36|Firefox|||0
206158430905|photo206158430905.jpg|20100821191745115|197.220.203.36|Firefox|||0
206158430906|photo206158430906.jpg|20100821191746115|197.220.203.36|Firefox|||0
206158430907|photo206158430907.jpg|20100821191747115|197.220.203.36|Firefox|||0
206158430908|photo206158430908.jpg|20100821191748115|197.220.203.36|Firefox|||0
206158430909|photo206158430909.jpg|20100724201603420|197.220.203.36|Firefox|||0
206158430910|photo206158430910.jpg|20100724201604420|197.220.203.36|Firefox|||0
206158430911|photo206158430911.jpg|20100724201605420|197.220.203.36|Firefox|||0
206158430912|photo206158430912.jpg|20100724201606420|197.220.203.36|Firefox|||0
206158430913|photo206158430913.jpg|20100724201607420|197.220.203.36|Firefox|||0
206158430914|photo206158430914.jpg|20100724201608420|197.220.203.36|Firefox|||0
206158430915|photo206158430915.jpg|20100724201609420|197.220.203.36|Firefox|||0
206158430916|photo206158430916.jpg|20100724201610420|197.220.203.36|Firefox|||0
206158430917|photo206158430917.jpg|20100724201611420|197.220.203.36|Firefox|||0
206158430918|photo206158430918.jpg|20100724201612420|197.220.203.36|Firefox|||0
206158430919|photo206158430919.jpg|20100724201613420|197.220.203.36|Firefox|||0
206158430920|photo206158430920.jpg|20100724201614420|197.220.203.36|Firefox|||0
206158430921|photo206158430921.jpg|20100724201615420|197.220.203.36|Firefox|||0
206158430922|photo206158430922.jpg|20100724201616420|197.220.203.36|Firefox|||0
206158430923|photo206158430923.jpg|20100724201617420|197.220.203.36|Firefox|||0
206158430924|photo206158430924.jpg|20100724201618420|197.220.203.36|Firefox|||0
343597384397|photo343597384397.jpg|20101102191310569|27.116.34.47|Chrome|||0
343597384398|photo343597384398.jpg|20101102191311569|27.116.34.47|Chrome|||0
343597384399|photo343597384399.jpg|20101102191312569|27.116.34.47|Chrome|||0
343597384400|photo343597384400.jpg|20101102191313569|27.116.34.47|Chrome|||0
343597384401|photo343597384401.jpg|20101102191314569|27.116.34.47|Chrome|||0
343597384402|photo343597384402.jpg|20101102191315569|27.116.34.47|Chrome|||0
343597384403|photo343597384403.jpg|20101102191316569|27.116.34.47|Chrome|||0
274877907668|photo274877907668.jpg|20100924161102817|27.116.34.47|Chrome|||0
274877907669|photo274877907669.jpg|20100924161103817|27.116.34.47|Chrome|||0
274877907670|photo274877907670.jpg|20100924161104817|27.116.34.47|Chrome|||0
274877907671|photo274877907671.jpg|20100924161105817|27.116.34.47|Chrome|||0
274877907672|photo274877907672.jpg|20100924161106817|27.116.34.47|Chrome|||0
274877907673|photo274877907673.jpg|20100924161107817|27.116.34.47|Chrome|||0
274877907674|photo274877907674.jpg|20100924161108817|27.116.34.47|Chrome|||0
274877907675|photo274877907675.jpg|20100924161109817|27.116.34.47|Chrome|||0
274877907676|photo274877907676.jpg|20100924161110817|27.116.34.47|Chrome|||0
274877907677|photo274877907677.jpg|20100924161111817|27.116.34.47|Chrome|||0
274877907678|photo274877907678.jpg|20100924161112817|27.116.34.47|Chrome|||0
274877907679|photo274877907679.jpg|20100924161113817|27.116.34.47|Chrome|||0
274877907680|photo274877907680.jpg|20100924161114817|27.116.34.47|Chrome|||0
274877907681|photo274877907681.jpg|20100828173743197|27.116.34.47|Chrome|||0
274877907682|photo274877907682.jpg|20100828173744197|27.116.34.47|Chrome|||0
274877907683|photo274877907683.jpg|20100828173745197|27.116.34.47|Chrome|||0
274877907684|photo274877907684.jpg|20100828173746197|27.116.34.47|Chrome|||0
274877907685|photo274877907685.jpg|20100828173747197|27.116.34.47|Chrome|||0
274877907686|photo274877907686.jpg|20100828173748197|27.116.34.47|Chrome|||0
206158430951|photo206158430951.jpg|20100816193236322|27.116.34.47|Chrome|||0
206158430952|photo206158430952.jpg|20100816193237322|27.116.34.47|Chrome|||0
206158430953|photo206158430953.jpg|20100816193238322|27.116.34.47|Chrome|||0
206158430954|photo206158430954.jpg|20100816193239322|27.116.34.47|Chrome|||0
206158430955|photo206158430955.jpg|20100816193240322|27.116.34.47|Chrome|||0
206158430956|photo206158430956.jpg|20100816193241322|27.116.34.47|Chrome|||0
206158430957|photo206158430957.jpg|20100816193242322|27.116.34.47|Chrome|||0
206158430958|photo206158430958.jpg|20100816193243322|27.116.34.47|Chrome|||0
206158430959|photo206158430959.jpg|20100816193244322|27.116.34.47|Chrome|||0
206158430960|photo206158430960.jpg|20100816193245322|27.116.34.47|Chrome|||0
206158430961|photo206158430961.jpg|20100816193246322|27.116.34.47|Chrome|||0
274877907698|photo274877907698.jpg|20100911202535275|27.116.34.47|Chrome|||0
274877907699|photo274877907699.jpg|20100911202536275|27.116.34.47|Chrome|||0
274877907700|photo274877907700.jpg|20100911202537275|27.116.34.47|Chrome|||0
274877907701|photo274877907701.jpg|20100911202538275|27.116.34.47|Chrome|||0
274877907702|photo274877907702.jpg|20100911202539275|27.116.34.47|Chrome|||0
274877907703|photo274877907703.jpg|20100911202540275|27.116.34.47|Chrome|||0
274877907704|photo274877907704.jpg|20100911202541275|27.116.34.47|Chrome|||0
274877907705|photo274877907705.jpg|20100911202542275|27.116.34.47|Chrome|||0
274877907706|photo274877907706.jpg|20100911202543275|27.116.34.47|Chrome|||0
274877907707|photo274877907707.jpg|20100911202544275|27.116.34.47|Chrome|||0
274877907708|photo274877907708.jpg|20100911202545275|27.116.34.47|Chrome|||0
274877907709|photo274877907709.jpg|20100911202546275|27.116.34.47|Chrome|||0
274877907710|photo274877907710.jpg|20100911202547275|27.116.34.47|Chrome|||0
274877907711|photo274877907711.jpg|20100911202548275|27.116.34.47|Chrome|||0
274877907712|photo274877907712.jpg|20100911202549275|27.116.34.47|Chrome|||0
274877907713|photo274877907713.jpg|20100911202550275|27.116.34.47|Chrome|||0
274877907714|photo274877907714.jpg|20100911202551275|27.116.34.47|Chrome|||0
206158430979|photo206158430979.jpg|20100801013011087|27.116.34.47|Chrome|||0
206158430980|photo206158430980.jpg|20100801013012087|27.116.34.47|Chrome|||0
206158430981|photo206158430981.jpg|20100801013013087|27.116.34.47|Chrome|||0
206158430982|photo206158430982.jpg|20100801013014087|27.116.34.47|Chrome|||0
206158430983|photo206158430983.jpg|20100801013015087|27.116.34.47|Chrome|||0
206158430984|photo206158430984.jpg|20100801013016087|27.116.34.47|Chrome|||0
343597384457|photo343597384457.jpg|20101113124619383|27.121.123.176|Chrome|||0
343597384458|photo343597384458.jpg|20101113124620383|27.121.123.176|Chrome|||0
343597384459|photo343597384459.jpg|20101113124621383|27.121.123.176|Chrome|||0
343597384460|photo343597384460.jpg|20101113124622383|27.121.123.176|Chrome|||0
343597384461|photo343597384461.jpg|20101113124623383|27.121.123.176|Chrome|||0
343597384462|photo343597384462.jpg|20101113124624383|27.121.123.176|Chrome|||0
343597384463|photo343597384463.jpg|20101113124625383|27.121.123.176|Chrome|||0
343597384464|photo343597384464.jpg|20101113124626383|27.121.123.176|Chrome|||0
274877907741|photo274877907741.jpg|20101011141511035|27.121.123.176|Chrome|||0
274877907742|photo274877907742.jpg|20101011141512035|27.121.123.176|Chrome|||0
274877907743|photo274877907743.jpg|20101011141513035|27.121.123.176|Chrome|||0
274877907744|photo274877907744.jpg|20101011141514035|213.150.185.117|Chrome|||0
274877907745|photo274877907745.jpg|20101011141515035|27.121.123.176|Chrome|||0
274877907746|photo274877907746.jpg|20101011141516035|27.121.123.176|Chrome|||0
274877907747|photo274877907747.jpg|20101011141517035|27.121.123.176|Chrome|||0
274877907748|photo274877907748.jpg|20101011141518035|27.121.123.176|Chrome|||0
274877907749|photo274877907749.jpg|20101011141519035|27.121.123.176|Chrome|||0
274877907750|photo274877907750.jpg|20101011141520035|27.121.123.176|Chrome|||0
274877907751|photo274877907751.jpg|20101011141521035|27.121.123.176|Chrome|||0
274877907752|photo274877907752.jpg|20101011141522035|27.121.123.176|Chrome|||0
343597384498||20101111183249657|31.170.121.115|Internet Explorer|tk|About Wolfgang Amadeus Mozart, nic, concertante, chamber, operatic, and choral music.|85
274877907778||20101005022105864|31.170.121.115|Internet Explorer|tk|About Marin ili, ofessional tennis plAbout Charles Dickens,  novels and short stAbout Chad, to th|99
206158431057|photo206158431057.jpg|20100815040821015|31.170.121.115|Internet Explorer|||0
206158431058|photo206158431058.jpg|20100815040822015|31.170.121.115|Internet Explorer|||0
206158431059|photo206158431059.jpg|20100815040823015|31.170.121.115|Internet Explorer|||0
206158431060|photo206158431060.jpg|20100815040824015|31.170.121.115|Internet Explorer|||0
206158431061|photo206158431061.jpg|20100815040825015|31.170.121.115|Internet Explorer|||0
206158431062|photo206158431062.jpg|20100815040826015|31.170.121.115|Internet Explorer|||0
206158431063|photo206158431063.jpg|20100815040827015|31.170.121.115|Internet Explorer|||0
206158431064|photo206158431064.jpg|20100815040828015|31.170.121.115|Internet Explorer|||0
206158431065|photo206158431065.jpg|20100815040829015|31.170.121.115|Internet Explorer|||0
206158431066|photo206158431066.jpg|20100815040830015|31.170.121.115|Internet Explorer|||0
206158431067|photo206158431067.jpg|20100815040831015|31.170.121.115|Internet Explorer|||0
206158431068|photo206158431068.jpg|20100815040832015|31.170.121.115|Internet Explorer|||0
206158431069|photo206158431069.jpg|20100815040833015|31.170.121.115|Internet Explorer|||0
206158431070|photo206158431070.jpg|20100815040834015|31.170.121.115|Internet Explorer|||0
206158431071|photo206158431071.jpg|20100815040835015|31.170.121.115|Internet Explorer|||0
206158431072|photo206158431072.jpg|20100815040836015|31.170.121.115|Internet Explorer|||0
343597384561|photo343597384561.jpg|20101104011136845|31.170.121.115|Internet Explorer|||0
343597384562|photo343597384562.jpg|20101104011137845|31.170.121.115|Internet Explorer|||0
343597384563|photo343597384563.jpg|20101104011138845|31.170.121.115|Internet Explorer|||0
343597384564|photo343597384564.jpg|20101104011139845|31.170.121.115|Internet Explorer|||0
343597384565|photo343597384565.jpg|20101104011140845|31.170.121.115|Internet Explorer|||0
343597384566|photo343597384566.jpg|20101104011141845|31.170.121.115|Internet Explorer|||0
343597384567|photo343597384567.jpg|20101122120225811|31.170.121.115|Internet Explorer|||0
343597384568|photo343597384568.jpg|20101122120226811|31.170.121.115|Internet Explorer|||0
343597384569|photo343597384569.jpg|20101122120227811|31.170.121.115|Internet Explorer|||0
343597384570|photo343597384570.jpg|20101122120228811|31.170.121.115|Internet Explorer|||0
343597384571|photo343597384571.jpg|20101122120229811|31.170.121.115|Internet Explorer|||0
343597384572|photo343597384572.jpg|20101122120230811|103.10.91.125|Internet Explorer|||0
343597384573|photo343597384573.jpg|20101122120231811|31.170.121.115|Internet Explorer|||0
343597384574|photo343597384574.jpg|20101122120232811|31.170.121.115|Internet Explorer|||0
343597384575|photo343597384575.jpg|20101122120233811|31.170.121.115|Internet Explorer|||0
343597384576|photo343597384576.jpg|20101122120234811|31.170.121.115|Internet Explorer|||0
343597384577|photo343597384577.jpg|20101122120235811|31.170.121.115|Internet Explorer|||0
343597384578|photo343597384578.jpg|20101122120236811|31.170.121.115|Internet Explorer|||0
343597384579|photo343597384579.jpg|20101122120237811|31.170.121.115|Internet Explorer|||0
343597384580|photo343597384580.jpg|20101122120238811|31.170.121.115|Internet Explorer|||0
343597384581|photo343597384581.jpg|20101122120239811|31.170.121.115|Internet Explorer|||0
343597384582|photo343597384582.jpg|20101122120240811|31.170.121.115|Internet Explorer|||0
343597384583|photo343597384583.jpg|20101122120241811|31.170.121.115|Internet Explorer|||0
343597384584|photo343597384584.jpg|20101122120242811|31.170.121.115|Internet Explorer|||0
343597384585|photo343597384585.jpg|20101122120243811|31.170.121.115|Internet Explorer|||0
343597384586|photo343597384586.jpg|20101122120244811|31.170.121.115|Internet Explorer|||0
206158431116|photo206158431116.jpg|20100716032148949|46.21.0.249|Internet Explorer|||0
206158431117|photo206158431117.jpg|20100716032149949|46.21.0.249|Internet Explorer|||0
206158431118|photo206158431118.jpg|20100716032150949|46.21.0.249|Internet Explorer|||0
206158431119|photo206158431119.jpg|20100716032151949|46.21.0.249|Internet Explorer|||0
206158431129|photo206158431129.jpg|20100629181137844|46.21.0.249|Internet Explorer|||0
206158431130|photo206158431130.jpg|20100629181138844|46.21.0.249|Internet Explorer|||0
206158431131|photo206158431131.jpg|20100629181139844|46.21.0.249|Internet Explorer|||0
206158431132|photo206158431132.jpg|20100629181140844|46.21.0.249|Internet Explorer|||0
206158431133|photo206158431133.jpg|20100629181141844|46.21.0.249|Internet Explorer|||0
206158431134|photo206158431134.jpg|20100629181142844|46.21.0.249|Internet Explorer|||0
206158431135|photo206158431135.jpg|20100629181143844|46.21.0.249|Internet Explorer|||0
206158431136|photo206158431136.jpg|20100629181144844|201.220.139.5|Internet Explorer|||0
206158431137|photo206158431137.jpg|20100629181145844|46.21.0.249|Internet Explorer|||0
206158431138|photo206158431138.jpg|20100629181146844|46.21.0.249|Internet Explorer|||0
206158431139|photo206158431139.jpg|20100629181147844|82.101.145.77|Internet Explorer|||0
206158431140|photo206158431140.jpg|20100629181148844|46.21.0.249|Internet Explorer|||0
206158431141|photo206158431141.jpg|20100629181149844|46.21.0.249|Internet Explorer|||0
206158431142|photo206158431142.jpg|20100629181150844|46.21.0.249|Internet Explorer|||0
206158431143|photo206158431143.jpg|20100629181151844|46.21.0.249|Internet Explorer|||0
206158431144|photo206158431144.jpg|20100804121048728|46.21.0.249|Internet Explorer|||0
206158431145|photo206158431145.jpg|20100804121049728|46.21.0.249|Internet Explorer|||0
206158431146|photo206158431146.jpg|20100804121050728|46.21.0.249|Internet Explorer|||0
206158431147|photo206158431147.jpg|20100804121051728|46.21.0.249|Internet Explorer|||0
206158431148|photo206158431148.jpg|20100804121052728|46.21.0.249|Internet Explorer|||0
206158431149|photo206158431149.jpg|20100804121053728|46.21.0.249|Internet Explorer|||0
206158431150|photo206158431150.jpg|20100804121054728|46.21.0.249|Internet Explorer|||0
206158431151|photo206158431151.jpg|20100804121055728|46.21.0.249|Internet Explorer|||0
206158431152|photo206158431152.jpg|20100804121056728|46.21.0.249|Internet Explorer|||0
206158431153|photo206158431153.jpg|20100804121057728|46.21.0.249|Internet Explorer|||0
206158431154|photo206158431154.jpg|20100804121058728|46.21.0.249|Internet Explorer|||0
206158431155|photo206158431155.jpg|20100804121059728|46.21.0.249|Internet Explorer|||0
206158431156|photo206158431156.jpg|20100804121100728|46.21.0.249|Internet Explorer|||0
206158431157|photo206158431157.jpg|20100804121101728|46.21.0.249|Internet Explorer|||0
206158431158|photo206158431158.jpg|20100804121102728|46.21.0.249|Internet Explorer|||0
206158431159|photo206158431159.jpg|20100804121103728|46.21.0.249|Internet Explorer|||0
206158431160|photo206158431160.jpg|20100804121104728|46.21.0.249|Internet Explorer|||0
206158431161|photo206158431161.jpg|20100804121105728|46.21.0.249|Internet Explorer|||0
206158431162|photo206158431162.jpg|20100804121106728|46.21.0.249|Internet Explorer|||0
206158431163|photo206158431163.jpg|20100804121107728|46.21.0.249|Internet Explorer|||0
68719477692|photo68719477692.jpg|20100413212237494|46.21.0.249|Internet Explorer|||0
68719477693|photo68719477693.jpg|20100413212238494|46.21.0.249|Internet Explorer|||0
68719477694|photo68719477694.jpg|20100413212239494|46.21.0.249|Internet Explorer|||0
68719477695|photo68719477695.jpg|20100413212240494|46.21.0.249|Internet Explorer|||0
68719477696|photo68719477696.jpg|20100413212241494|46.21.0.249|Internet Explorer|||0
68719477697|photo68719477697.jpg|20100413212242494|46.21.0.249|Internet Explorer|||0
68719477698|photo68719477698.jpg|20100413212243494|46.21.0.249|Internet Explorer|||0
68719477699|photo68719477699.jpg|20100413212244494|46.21.0.249|Internet Explorer|||0
68719477700|photo68719477700.jpg|20100413212245494|46.21.0.249|Internet Explorer|||0
68719477701|photo68719477701.jpg|20100413212246494|46.21.0.249|Internet Explorer|||0
68719477702|photo68719477702.jpg|20100413212247494|46.21.0.249|Internet Explorer|||0
68719477703|photo68719477703.jpg|20100413212248494|46.21.0.249|Internet Explorer|||0
68719477704|photo68719477704.jpg|20100413212249494|46.21.0.249|Internet Explorer|||0
68719477705|photo68719477705.jpg|20100413212250494|46.21.0.249|Internet Explorer|||0
68719477706|photo68719477706.jpg|20100413212251494|46.21.0.249|Internet Explorer|||0
68719477707|photo68719477707.jpg|20100413212252494|46.21.0.249|Internet Explorer|||0
68719477708|photo68719477708.jpg|20100413212253494|46.21.0.249|Internet Explorer|||0
68719477709|photo68719477709.jpg|20100413212254494|46.21.0.249|Internet Explorer|||0
68719477710|photo68719477710.jpg|20100427162249417|46.21.0.249|Internet Explorer|||0
68719477711|photo68719477711.jpg|20100427162250417|46.21.0.249|Internet Explorer|||0
68719477712|photo68719477712.jpg|20100427162251417|46.21.0.249|Internet Explorer|||0
68719477713|photo68719477713.jpg|20100427162252417|46.21.0.249|Internet Explorer|||0
68719477714|photo68719477714.jpg|20100427162253417|46.21.0.249|Internet Explorer|||0
68719477715|photo68719477715.jpg|20100427162254417|46.21.0.249|Internet Explorer|||0
68719477716|photo68719477716.jpg|20100427162255417|46.21.0.249|Internet Explorer|||0
68719477717|photo68719477717.jpg|20100427162256417|46.21.0.249|Internet Explorer|||0
68719477718|photo68719477718.jpg|20100427162257417|46.21.0.249|Internet Explorer|||0
68719477719|photo68719477719.jpg|20100427162258417|46.21.0.249|Internet Explorer|||0
206158431192|photo206158431192.jpg|20100820105648048|46.21.0.249|Internet Explorer|||0
206158431193|photo206158431193.jpg|20100820105649048|46.21.0.249|Internet Explorer|||0
206158431194|photo206158431194.jpg|20100820105650048|46.21.0.249|Internet Explorer|||0
206158431195|photo206158431195.jpg|20100820105651048|46.21.0.249|Internet Explorer|||0
206158431196|photo206158431196.jpg|20100820105652048|46.21.0.249|Internet Explorer|||0
206158431197|photo206158431197.jpg|20100820105653048|190.218.170.207|Internet Explorer|||0
206158431198|photo206158431198.jpg|20100820105654048|46.21.0.249|Internet Explorer|||0
68719477727|photo68719477727.jpg|20100419105649298|46.21.0.249|Internet Explorer|||0
68719477728|photo68719477728.jpg|20100419105650298|46.21.0.249|Internet Explorer|||0
68719477729|photo68719477729.jpg|20100419105651298|46.21.0.249|Internet Explorer|||0
68719477730|photo68719477730.jpg|20100419105652298|46.21.0.249|Internet Explorer|||0
68719477731|photo68719477731.jpg|20100419105653298|46.21.0.249|Internet Explorer|||0
68719477732|photo68719477732.jpg|20100419105654298|46.21.0.249|Internet Explorer|||0
68719477733|photo68719477733.jpg|20100419105655298|46.21.0.249|Internet Explorer|||0
68719477734|photo68719477734.jpg|20100419105656298|46.21.0.249|Internet Explorer|||0
68719477735|photo68719477735.jpg|20100419105657298|46.21.0.249|Internet Explorer|||0
68719477736|photo68719477736.jpg|20100419105658298|46.21.0.249|Internet Explorer|||0
68719477737|photo68719477737.jpg|20100328001520149|46.21.0.249|Internet Explorer|||0
68719477738|photo68719477738.jpg|20100328001521149|46.21.0.249|Internet Explorer|||0
68719477739|photo68719477739.jpg|20100328001522149|46.21.0.249|Internet Explorer|||0
68719477740|photo68719477740.jpg|20100328001523149|46.21.0.249|Internet Explorer|||0
68719477741|photo68719477741.jpg|20100328001524149|46.21.0.249|Internet Explorer|||0
68719477742|photo68719477742.jpg|20100328001525149|46.21.0.249|Internet Explorer|||0
68719477743|photo68719477743.jpg|20100328001526149|46.21.0.249|Internet Explorer|||0
274877907964||20101019202021473|1.2.2.77|Firefox|uz|About Karl Marx, nge. Revolutionary socialist governments espousing Marxist concepts took power in a variety of c|113
274877907977||20101019075038433|41.74.150.41|Firefox|uz|About Karl Marx,  economics and politicscollectively known as Marxismhold that all societies progr|100
343597384733||20101125043713166|203.215.63.48|Firefox|uz|About Karl Marx, ere the family was reduced to poverty, Marx continued writing and formulating his theories about |114
343597384755||20101109001318244|62.85.143.95|Internet Explorer|uz|About James Monroe, as a diplomat in France he helped negotiate the Louisiana Purchase in 1803. Monroe was of French |117
343597384787||20101114085132117|41.203.147.168|Internet Explorer|uz|About James Monroe,  took an active part in the new government and in 1790 he was elected to the Senate |104
206158431319|photo206158431319.jpg|20100626022157366|24.38.139.231|Firefox|||0
206158431320|photo206158431320.jpg|20100626022158366|24.38.139.231|Firefox|||0
206158431321|photo206158431321.jpg|20100626022159366|24.38.139.231|Firefox|||0
206158431322|photo206158431322.jpg|20100626022200366|24.38.139.231|Firefox|||0
206158431323|photo206158431323.jpg|20100626022201366|24.38.139.231|Firefox|||0
206158431324|photo206158431324.jpg|20100626022202366|24.38.139.231|Firefox|||0
206158431325|photo206158431325.jpg|20100626022203366|24.38.139.231|Firefox|||0
206158431326|photo206158431326.jpg|20100626022204366|24.38.139.231|Firefox|||0
206158431327|photo206158431327.jpg|20100626022205366|24.38.139.231|Firefox|||0
206158431328|photo206158431328.jpg|20100626022206366|24.38.139.231|Firefox|||0
206158431329|photo206158431329.jpg|20100626022207366|24.38.139.231|Firefox|||0
206158431330|photo206158431330.jpg|20100626022208366|24.38.139.231|Firefox|||0
206158431331|photo206158431331.jpg|20100626022209366|24.38.139.231|Firefox|||0
206158431332|photo206158431332.jpg|20100626022210366|24.38.139.231|Firefox|||0
206158431333|photo206158431333.jpg|20100626022211366|24.38.139.231|Firefox|||0
206158431334|photo206158431334.jpg|20100626022212366|24.38.139.231|Firefox|||0
206158431335|photo206158431335.jpg|20100626022213366|24.38.139.231|Firefox|||0
206158431336|photo206158431336.jpg|20100626022214366|24.38.139.231|Firefox|||0
206158431337|photo206158431337.jpg|20100626022215366|24.38.139.231|Firefox|||0
274877908074|photo274877908074.jpg|20101016023129869|24.38.139.231|Firefox|||0
274877908075|photo274877908075.jpg|20101016023130869|24.38.139.231|Firefox|||0
274877908076|photo274877908076.jpg|20101016023131869|24.38.139.231|Firefox|||0
274877908077|photo274877908077.jpg|20101016023132869|24.38.139.231|Firefox|||0
274877908078|photo274877908078.jpg|20101016023133869|24.38.139.231|Firefox|||0
274877908079|photo274877908079.jpg|20101016023134869|24.38.139.231|Firefox|||0
274877908080|photo274877908080.jpg|20101016023135869|24.38.139.231|Firefox|||0
274877908081|photo274877908081.jpg|20101016023136869|24.38.139.231|Firefox|||0
274877908082|photo274877908082.jpg|20101016023137869|24.38.139.231|Firefox|||0
274877908083|photo274877908083.jpg|20101016023138869|24.38.139.231|Firefox|||0
274877908084|photo274877908084.jpg|20101016023139869|24.38.139.231|Firefox|||0
274877908085|photo274877908085.jpg|20101016023140869|24.38.139.231|Firefox|||0
274877908086|photo274877908086.jpg|20101016023141869|24.38.139.231|Firefox|||0
343597384823|photo343597384823.jpg|20101028030126154|24.38.139.231|Firefox|||0
343597384824|photo343597384824.jpg|20101028030127154|24.38.139.231|Firefox|||0
343597384825|photo343597384825.jpg|20101028030128154|62.247.196.124|Firefox|||0
343597384826|photo343597384826.jpg|20101028030129154|24.38.139.231|Firefox|||0
343597384827|photo343597384827.jpg|20101028030130154|24.38.139.231|Firefox|||0
343597384828|photo343597384828.jpg|20101028030131154|24.38.139.231|Firefox|||0
343597384829|photo343597384829.jpg|20101028030132154|24.38.139.231|Firefox|||0
343597384830|photo343597384830.jpg|20101028030133154|24.38.139.231|Firefox|||0
343597384831|photo343597384831.jpg|20101104213020191|24.38.139.231|Firefox|||0
343597384832|photo343597384832.jpg|20101104213021191|24.38.139.231|Firefox|||0
343597384833|photo343597384833.jpg|20101104213022191|24.38.139.231|Firefox|||0
206158431362|photo206158431362.jpg|20100708094245156|24.38.139.231|Firefox|||0
206158431363|photo206158431363.jpg|20100708094246156|24.38.139.231|Firefox|||0
206158431364|photo206158431364.jpg|20100708094247156|24.38.139.231|Firefox|||0
206158431365|photo206158431365.jpg|20100708094248156|24.38.139.231|Firefox|||0
206158431366|photo206158431366.jpg|20100708094249156|24.38.139.231|Firefox|||0
206158431367|photo206158431367.jpg|20100708094250156|24.38.139.231|Firefox|||0
206158431368|photo206158431368.jpg|20100708094251156|24.38.139.231|Firefox|||0
206158431369|photo206158431369.jpg|20100708094252156|24.38.139.231|Firefox|||0
206158431370|photo206158431370.jpg|20100708094253156|24.38.139.231|Firefox|||0
206158431371|photo206158431371.jpg|20100708094254156|24.38.139.231|Firefox|||0
206158431372|photo206158431372.jpg|20100708094255156|24.38.139.231|Firefox|||0
206158431373|photo206158431373.jpg|20100708094256156|24.38.139.231|Firefox|||0
206158431374|photo206158431374.jpg|20100708094257156|24.38.139.231|Firefox|||0
206158431375|photo206158431375.jpg|20100708094258156|24.38.139.231|Firefox|||0
206158431376|photo206158431376.jpg|20100708094259156|24.38.139.231|Firefox|||0
206158431377|photo206158431377.jpg|20100708094300156|24.38.139.231|Firefox|||0
206158431378|photo206158431378.jpg|20100708094301156|24.38.139.231|Firefox|||0
206158431379|photo206158431379.jpg|20100728140708544|58.145.168.54|Chrome|||0
206158431380|photo206158431380.jpg|20100728140709544|58.145.168.54|Chrome|||0
206158431381|photo206158431381.jpg|20100728140710544|58.145.168.54|Chrome|||0
206158431382|photo206158431382.jpg|20100728140711544|58.145.168.54|Chrome|||0
206158431383|photo206158431383.jpg|20100728140712544|58.145.168.54|Chrome|||0
206158431384|photo206158431384.jpg|20100728140713544|58.145.168.54|Chrome|||0
206158431385|photo206158431385.jpg|20100728140714544|58.145.168.54|Chrome|||0
206158431386|photo206158431386.jpg|20100728140715544|58.145.168.54|Chrome|||0
206158431387|photo206158431387.jpg|20100728140716544|58.145.168.54|Chrome|||0
206158431388|photo206158431388.jpg|20100728140717544|58.145.168.54|Chrome|||0
206158431389|photo206158431389.jpg|20100728140718544|58.145.168.54|Chrome|||0
206158431390|photo206158431390.jpg|20100728140719544|58.145.168.54|Chrome|||0
206158431391|photo206158431391.jpg|20100728140720544|58.145.168.54|Chrome|||0
206158431392|photo206158431392.jpg|20100728140721544|58.145.168.54|Chrome|||0
206158431393|photo206158431393.jpg|20100728140722544|58.145.168.54|Chrome|||0
206158431394|photo206158431394.jpg|20100728140723544|58.145.168.54|Chrome|||0
206158431395|photo206158431395.jpg|20100728140724544|58.145.168.54|Chrome|||0
206158431396|photo206158431396.jpg|20100728140725544|58.145.168.54|Chrome|||0
206158431397|photo206158431397.jpg|20100728140726544|58.145.168.54|Chrome|||0
206158431398|photo206158431398.jpg|20100728140727544|58.145.168.54|Chrome|||0
206158431401|photo206158431401.jpg|20100711183332759|58.145.168.54|Chrome|||0
206158431402|photo206158431402.jpg|20100711183333759|58.145.168.54|Chrome|||0
206158431403|photo206158431403.jpg|20100711183334759|58.145.168.54|Chrome|||0
206158431404|photo206158431404.jpg|20100711183335759|58.145.168.54|Chrome|||0
206158431405|photo206158431405.jpg|20100711183336759|58.145.168.54|Chrome|||0
206158431406|photo206158431406.jpg|20100711183337759|190.13.204.253|Chrome|||0
206158431407|photo206158431407.jpg|20100711183338759|58.145.168.54|Chrome|||0
206158431408|photo206158431408.jpg|20100711183339759|58.145.168.54|Chrome|||0
206158431409|photo206158431409.jpg|20100711183340759|58.145.168.54|Chrome|||0
343597384895|photo343597384895.jpg|20101113135812234|58.145.168.54|Chrome|||0
343597384896|photo343597384896.jpg|20101113135813234|58.145.168.54|Chrome|||0
343597384897|photo343597384897.jpg|20101113135814234|58.145.168.54|Chrome|||0
343597384898|photo343597384898.jpg|20101113135815234|58.145.168.54|Chrome|||0
343597384899|photo343597384899.jpg|20101113135816234|58.145.168.54|Chrome|||0
343597384900|photo343597384900.jpg|20101113135817234|58.145.168.54|Chrome|||0
343597384901|photo343597384901.jpg|20101113135818234|58.145.168.54|Chrome|||0
343597384902|photo343597384902.jpg|20101113135819234|58.145.168.54|Chrome|||0
343597384903|photo343597384903.jpg|20101113135820234|58.145.168.54|Chrome|||0
343597384904|photo343597384904.jpg|20101113135821234|58.145.168.54|Chrome|||0
343597384905|photo343597384905.jpg|20101113135822234|58.145.168.54|Chrome|||0
343597384906|photo343597384906.jpg|20101113135823234|58.145.168.54|Chrome|||0
343597384907|photo343597384907.jpg|20101113135824234|58.145.168.54|Chrome|||0
343597384908|photo343597384908.jpg|20101113135825234|58.145.168.54|Chrome|||0
343597384909|photo343597384909.jpg|20101113135826234|58.145.168.54|Chrome|||0
343597384910|photo343597384910.jpg|20101113135827234|58.145.168.54|Chrome|||0
343597384911|photo343597384911.jpg|20101113135828234|58.145.168.54|Chrome|||0
343597384912|photo343597384912.jpg|20101113135829234|58.145.168.54|Chrome|||0
343597384913|photo343597384913.jpg|20101113135830234|58.145.168.54|Chrome|||0
343597384914|photo343597384914.jpg|20101113135831234|58.145.168.54|Chrome|||0
274877908179|photo274877908179.jpg|20101005145423868|58.145.168.54|Chrome|||0
274877908180|photo274877908180.jpg|20101005145424868|58.145.168.54|Chrome|||0
137438954709|photo137438954709.jpg|20100614025935970|58.145.168.54|Chrome|||0
137438954710|photo137438954710.jpg|20100614025936970|46.154.49.147|Chrome|||0
137438954711|photo137438954711.jpg|20100614025937970|58.145.168.54|Chrome|||0
274877908204|photo274877908204.jpg|20100905190229878|31.192.109.124|Internet Explorer|||0
274877908205|photo274877908205.jpg|20100905190230878|31.192.109.124|Internet Explorer|||0
274877908206|photo274877908206.jpg|20100905190231878|31.192.109.124|Internet Explorer|||0
274877908207|photo274877908207.jpg|20100905190232878|31.192.109.124|Internet Explorer|||0
274877908208|photo274877908208.jpg|20100905190233878|31.192.109.124|Internet Explorer|||0
274877908209|photo274877908209.jpg|20100905190234878|31.192.109.124|Internet Explorer|||0
274877908210|photo274877908210.jpg|20100905190235878|31.192.109.124|Internet Explorer|||0
274877908211|photo274877908211.jpg|20100905190236878|31.192.109.124|Internet Explorer|||0
274877908212|photo274877908212.jpg|20100905190237878|31.192.109.124|Internet Explorer|||0
274877908213|photo274877908213.jpg|20100905190238878|31.192.109.124|Internet Explorer|||0
274877908214|photo274877908214.jpg|20100905190239878|31.192.109.124|Internet Explorer|||0
274877908215|photo274877908215.jpg|20100905190240878|31.192.109.124|Internet Explorer|||0
274877908216|photo274877908216.jpg|20100905190241878|31.192.109.124|Internet Explorer|||0
274877908217|photo274877908217.jpg|20100905190242878|31.192.109.124|Internet Explorer|||0
274877908218|photo274877908218.jpg|20100905190243878|31.192.109.124|Internet Explorer|||0
274877908219|photo274877908219.jpg|20100905190244878|31.192.109.124|Internet Explorer|||0
274877908220|photo274877908220.jpg|20100905190245878|31.192.109.124|Internet Explorer|||0
274877908221|photo274877908221.jpg|20100905190246878|31.192.109.124|Internet Explorer|||0
274877908222|photo274877908222.jpg|20100905190247878|31.192.109.124|Internet Explorer|||0
274877908223|photo274877908223.jpg|20100905190248878|31.192.109.124|Internet Explorer|||0
343597384960|photo343597384960.jpg|20101103061558557|31.192.109.124|Internet Explorer|||0
343597384961|photo343597384961.jpg|20101103061559557|31.192.109.124|Internet Explorer|||0
343597384962|photo343597384962.jpg|20101103061600557|31.192.109.124|Internet Explorer|||0
343597384963|photo343597384963.jpg|20101103061601557|31.192.109.124|Internet Explorer|||0
343597384964|photo343597384964.jpg|20101103061602557|31.192.109.124|Internet Explorer|||0
343597384965|photo343597384965.jpg|20101103061603557|31.192.109.124|Internet Explorer|||0
343597384966|photo343597384966.jpg|20101103061604557|31.192.109.124|Internet Explorer|||0
343597384967|photo343597384967.jpg|20101103061605557|31.192.109.124|Internet Explorer|||0
