1293453209636|1279576486575|4|343597383820|Album 3 of John Johnson|1293453209636|4398046511127|3009
1293608250619|1285368309786|4|343597383833|Album 1 of Alexei Kahnovich|1293608250619|8796093022252|2906
1293663177012|1279722748150|4|343597383777|Album 0 of Chen Li|1293663177012|4398046511147|5440
1293867643333|1276013897047|4|343597383772|Album 3 of Jimmy Burak|1293867643333|4398046511123|5163
1293959838269|1278448075869|4|343597383736|Album 0 of Ali Achiou|1293959838269|4398046511146|2857
1294012823067|1279576486575|4|343597383819|Album 2 of John Johnson|1294012823067|4398046511127|2854
1294069204934|1294069194934|4|343597383728|Wall of Almira Patras|1294069204934|10995116277777|1916
1294070496960|1269696518717|4|343597383709|Album 9 of Adje van den Berg Vries|1294070496960|48|1201
1294121727497|1285373931149|4|343597383691|Album 3 of Otto Richter|1294121727497|8796093022239|1410
1294122784042|1292190036211|4|343597383813|Album 0 of Lin Zhang|1294122784042|10995116277809|1452
1294338464485|1292268309287|4|343597383698|Album 0 of Roberto Diaz|1294338464485|10995116277794|2033
1294376074295|1285783100222|4|343597383694|Album 1 of Hossein Forouhar|1294376074295|8796093022222|8225
1294406994108|1278448075869|4|343597383739|Album 3 of Ali Achiou|1294406994108|4398046511146|6738
1294570387250|1278448075869|4|343597383740|Album 4 of Ali Achiou|1294570387250|4398046511146|11644
1294768029796|1285373931149|4|343597383689|Album 1 of Otto Richter|1294768029796|8796093022239|1410
1294829224477|1294829214477|4|343597383757|Wall of Ge Wei|1294829224477|10995116277775|6;148;149;575;578;584;775;777;781;782;808;973;974;1170;1173;1178;1180;1185;1193;1198;1202;1545;1667;1766;1940;1953;1992;1995;2030;2046;2048;2059;2070;2078;2089;2872;3045;3047;4847;5085;6945;6964;7509;9058;9063;9098;9174;9474;11247;11254;11408;11537;11622;11628;11695;11742;12002
1294850155367|1294850145367|4|343597383837|Wall of Arbaaz Ali|1294850155367|10995116277781|3;1189;1676;2785;2806;2931;3072;3114;5736;5753;8143
1294859461383|1291950051834|4|343597383733|Album 0 of Ali Ferrer|1294859461383|10995116277793|2058
1295271856093|1294850145367|4|343597383838|Album 0 of Arbaaz Ali|1295271856093|10995116277781|1676
1295290788237|1285368309786|4|343597383832|Album 0 of Alexei Kahnovich|1295290788237|8796093022252|1426
1295320279219|1279576486575|4|343597383818|Album 1 of John Johnson|1295320279219|4398046511127|2854
1295459537753|1285368309786|4|412316860571|Album 3 of Alexei Kahnovich|1295459537753|8796093022252|1426
1295622953112|1285783100222|4|412316860431|Album 2 of Hossein Forouhar|1295622953112|8796093022222|1763
1296088121257|1296088111257|4|412316860529|Wall of Chen Yang|1296088121257|13194139533338|1566
1296137188911|1285368309786|4|412316860570|Album 2 of Alexei Kahnovich|1296137188911|8796093022252|2777
1296219848987|1294829214477|4|412316860495|Album 0 of Ge Wei|1296219848987|10995116277775|1178
1296269153666|1283798254594|4|412316860523|Album 3 of Cheng Wei|1296269153666|6597069766667|2054
1296275676459|1294829214477|4|412316860494|Group for Charles_Darwin in Kunming|1296275676459|10995116277775|1995
1296285621176|1279576486575|4|412316860551|Group for Karl_Marx in New_York_City|1296285621176|4398046511127|778
