id:ID(Person)|firstName:STRING|lastName:STRING|gender:STRING|birthday:LONG|creationDate:LONG|locationIP:STRING|browserUsed:STRING
8796093022220|Jose|Alonso|female|19870918|20100916065400602|196.1.135.241|Internet Explorer
2199023255591|Alexei|Feltsman|female|19851205|20100305155109862|31.192.132.124|Firefox
4398046511124|Yahya Ould Ahmed El|Abdallahi|male|19890228|20100504195425021|41.188.97.221|Internet Explorer
4398046511105|Evangelos|Alkaios|male|19870205|20100609055320823|91.223.132.248|Internet Explorer
8796093022239|Otto|Richter|male|19821112|20100825011851149|31.24.100.159|Firefox
8796093022222|Hossein|Forouhar|male|19840411|20100829185820222|77.245.239.11|Firefox
10995116277794|Roberto|Diaz|female|19800808|20101112202509287|186.64.7.5|Firefox
48|Adje van den Berg|Vries|female|19860807|20100224142838717|31.24.165.15|Firefox
6597069766681|Luigi|Colombo|male|19861121|20100707220955155|31.171.137.117|Internet Explorer
6|Baby|Yang|male|19850920|20100204064108221|27.131.221.93|Internet Explorer
2199023255589|Wei|Wei|female|19850314|20100322142211928|27.112.88.106|Internet Explorer
8796093022235|Wojciech|Ciesla|male|19860107|20100901075244765|31.182.127.125|Internet Explorer
2199023255555|Aleksandr|Efimkin|male|19810908|20100318234144770|31.185.10.92|Internet Explorer
4398046511109|Eric|Mettacara|male|19890905|20100428124131109|203.215.63.48|Firefox
8796093022232|Jie|Yang|male|19801229|20101019230608006|27.98.220.136|Firefox
2199023255574|Ken|Yamada|male|19861112|20100316045114078|27.122.45.252|Internet Explorer
4398046511113|Alim|Guliyev|female|19841107|20100624180451119|91.191.192.127|Firefox
6597069766672|Jan|Zakrzewski|female|19860805|20100713052153260|31.41.169.140|Chrome
10995116277793|Ali|Ferrer|female|19810630|20101109040051834|41.223.177.12|Safari
6597069766692|John|Reddy|male|19860928|20100718214210705|61.16.136.118|Chrome
4398046511146|Ali|Achiou|female|19810411|20100605212755869|196.29.42.107|Firefox
6597069766701|Ali|Abouba|male|19870629|20100701114807191|41.203.147.168|Internet Explorer
10995116277806|Alejandro|Garcia|male|19870116|20101026115536246|189.202.102.202|Firefox
4398046511133|Lei|Zhang|male|19860823|20100531165717025|1.2.2.77|Firefox
8796093022248|Celso|Oliveira|male|19880923|20100904042902147|192.190.31.253|Chrome
4398046511112|Djelaludin|Zaland|male|19830623|20100520022858974|180.222.139.188|Internet Explorer
10995116277795|Ayesha|Ahmed|male|19881213|20101113114137510|202.4.167.190|Chrome
2199023255565|Mehmet|Koksal|female|19880104|20100301033249202|46.154.44.101|Firefox
6597069766674|Neil|Murray|female|19820915|20100720232847148|41.74.150.41|Firefox
4398046511123|Jimmy|Burak|female|19840901|20100508171817047|197.220.203.36|Firefox
4398046511147|Rahul|Khan|female|19871225|20100620153228150|27.116.34.47|Chrome
6597069766667|Cheng|Wei|male|19810508|20100806193734594|27.121.123.176|Chrome
4398046511136|Miguel|Gonzalez|male|19811018|20100518085058297|148.204.226.31|Chrome
6597069766656|John|Khan|male|19850327|20100710110323250|27.4.90.237|Internet Explorer
8796093022215|Jun|Li|female|19871007|20100831052020663|1.29.220.142|Chrome
41|John|Kumar|male|19860922|20100215232417359|27.116.33.147|Safari
4398046511151|Tissa|Perera|male|19830609|20100609174453772|103.1.176.97|Safari
6597069766660|Bryn|Davies|male|19850703|20100803034612785|31.170.121.115|Internet Explorer
10|Wolfgang|Bauer|male|19891120|20100205180237516|46.21.0.249|Internet Explorer
10995116277809|Ashok|Singh|male|19810501|20101111224036211|49.206.89.61|Safari
4398046511127|John|Johnson|male|19890608|20100618225446575|24.38.139.231|Firefox
4398046511106|Abdul Haris|Tobing|female|19891212|20100602125210098|58.145.168.54|Chrome
8796093022252|Alexei|Kahnovich|female|19850712|20100824234509786|31.192.109.124|Internet Explorer
8796093022238|Joakim|Larsson|female|19800423|20100919223638635|31.209.42.207|Internet Explorer
2199023255580|Hans|Johansson|female|19820528|20100425173528712|31.209.179.5|Firefox
8796093022246|Alfonso|Rodriguez|female|19840511|20100915020440164|192.100.158.95|Internet Explorer
