:START_ID(Comment)|:END_ID(Tag)
274877907731|1761
274877907731|5097
274877907731|5478
274877907731|5617
274877907731|7557
274877907731|10571
274877907734|1771
274877907734|5617
274877907734|7522
274877907734|10295
274877907734|11225
274877907734|14157
274877907736|1771
274877907736|3098
274877907736|5058
274877907736|5617
274877907736|7405
274877907739|1761
274877907739|2035
274877907739|5617
274877907739|5662
274877907739|9307
274877907739|11225
274877907742|5097
274877907742|5384
274877907742|5478
274877907742|5617
274877907742|7025
274877907742|9937
343597384643|11985
343597384644|2997
343597384644|9103
343597384648|11538
343597384660|2882
343597384662|10411
343597384663|1986
343597384668|7521
343597384669|1985
343597384669|7521
343597384670|975
343597384670|1986
343597384672|1450
343597384672|7521
343597384690|3051
343597384692|6972
343597384694|2997
343597384694|11529
343597384697|1768
343597384697|2997
343597384715|2997
343597384715|9064
343597384716|11734
343597384719|9189
343597384721|15377
343597384724|9147
343597384727|2972
343597384736|2846
343597384742|2997
343597384742|9168
343597384748|795
343597384748|2997
343597384754|2997
343597384754|11376
343597384755|5101
343597384759|5156
343597384819|9147
343597384820|2834
343597384821|5068
343597384821|9147
343597384822|5080
343597384826|9147
343597384826|9325
274877908117|2997
274877908117|3045
343597384858|2997
343597384858|6969
343597384860|6425
343597384862|3093
343597384862|6969
343597384864|3093
343597384864|5163
343597384864|6969
343597384865|5163
343597384865|6969
343597384865|11719
343597384865|12249
343597384866|5163
343597384866|6969
343597384866|9044
343597384866|11679
274877908499|572
274877908499|11556
206158431770|59
206158431770|1521
206158431770|2047
206158431770|2789
206158431770|2997
206158431770|5109
206158431770|8153
206158431770|12609
206158431773|59
206158431773|1521
206158431773|2789
206158431773|5109
206158431773|7602
206158431773|8153
206158431773|9329
206158431773|11164
206158431773|11360
