:START_ID(Comment)|:END_ID(Comment)
274877907732|274877907731
274877907733|274877907731
274877907735|274877907734
274877907736|274877907734
274877907741|274877907734
274877907742|274877907731
343597384645|343597384644
343597384646|343597384643
343597384663|343597384660
343597384664|343597384662
343597384665|343597384660
343597384666|343597384662
343597384667|343597384662
343597384668|343597384662
343597384669|343597384668
343597384670|343597384663
343597384671|343597384669
343597384672|343597384668
343597384673|343597384668
343597384693|343597384692
343597384717|343597384715
343597384720|343597384716
343597384721|343597384716
343597384722|343597384716
343597384723|343597384716
343597384724|343597384719
343597384725|343597384719
343597384726|343597384715
343597384727|343597384719
343597384728|343597384719
343597384729|343597384716
343597384730|343597384719
343597384737|343597384736
343597384738|343597384736
343597384739|343597384736
343597384740|343597384736
343597384743|343597384736
343597384746|343597384736
343597384755|343597384754
343597384756|343597384754
343597384757|343597384755
343597384758|343597384755
343597384759|343597384754
343597384761|343597384755
343597384763|343597384759
343597384764|343597384754
343597384820|343597384819
343597384821|343597384819
343597384822|343597384821
343597384823|343597384819
343597384824|343597384819
343597384825|343597384822
343597384826|343597384821
343597384859|343597384858
343597384862|343597384858
343597384863|343597384858
343597384864|343597384862
343597384865|343597384864
343597384866|343597384865
343597384867|343597384865
343597384868|343597384865
343597384869|343597384864
343597384870|343597384866
343597384871|343597384864
343597384872|343597384862
206158431772|206158431770
206158431773|206158431770
206158431774|206158431773
206158431775|206158431770
206158431776|206158431773
206158431777|206158431773
