:START_ID(Forum)|:END_ID(Post)
343597383682|343597383680
343597383682|343597383681
343597383682|343597383682
343597383682|343597383683
343597383682|343597383684
343597383682|343597383685
343597383682|343597383686
343597383682|343597383687
343597383682|343597383688
343597383682|343597383689
343597383682|343597383690
343597383682|343597383691
343597383682|343597383692
343597383682|343597383693
343597383682|343597383694
343597383682|343597383695
343597383682|343597383696
343597383682|343597383697
343597383682|343597383698
343597383683|343597383699
343597383683|343597383700
343597383683|343597383701
343597383683|343597383702
343597383683|343597383703
343597383683|343597383704
343597383683|343597383705
343597383683|343597383706
343597383683|343597383707
343597383683|343597383708
343597383683|343597383709
343597383683|343597383710
343597383683|343597383711
343597383683|343597383712
343597383683|343597383713
343597383683|343597383714
274877906952|274877906979
274877906952|274877906980
274877906952|274877906981
274877906952|274877906982
274877906952|274877906983
274877906952|274877906984
274877906952|274877906985
274877906954|274877906987
274877906954|274877906988
274877906957|274877907005
274877906957|274877907006
274877906957|274877907007
274877906957|274877907008
274877906957|274877907009
274877906957|274877907010
274877906957|274877907011
274877906957|274877907012
274877906957|274877907013
274877906957|274877907014
274877906957|274877907015
274877906957|274877907016
274877906957|274877907017
274877906957|274877907018
274877906957|274877907019
274877906957|274877907020
274877906957|274877907021
274877906957|274877907022
274877906957|274877907023
274877906957|274877907024
274877906960|274877907045
274877906960|274877907046
274877906960|274877907047
274877906960|274877907048
274877906960|274877907049
274877906960|274877907050
343597383701|343597383803
343597383701|343597383804
343597383701|343597383805
343597383701|343597383806
343597383701|343597383807
343597383701|343597383808
343597383701|343597383809
343597383701|343597383810
343597383701|343597383811
343597383701|343597383812
343597383701|343597383813
343597383701|343597383814
343597383701|343597383815
343597383701|343597383816
343597383701|343597383817
343597383701|343597383818
343597383701|343597383819
343597383701|343597383820
343597383701|343597383821
343597383701|343597383822
206158430230|206158430351
206158430230|206158430352
206158430230|206158430353
206158430230|206158430354
206158430230|206158430355
206158430230|206158430356
206158430230|206158430357
206158430230|206158430358
206158430230|206158430359
206158430230|206158430360
206158430230|206158430361
206158430230|206158430362
206158430230|206158430363
206158430230|206158430364
206158430230|206158430365
206158430230|206158430366
206158430230|206158430367
206158430230|206158430368
206158430230|206158430369
274877906967|274877907106
274877906967|274877907107
274877906967|274877907108
274877906967|274877907109
274877906967|274877907110
274877906967|274877907111
274877906967|274877907112
274877906967|274877907113
274877906967|274877907114
274877906967|274877907115
274877906967|274877907116
274877906967|274877907117
274877906967|274877907118
274877906967|274877907119
274877906967|274877907120
274877906967|274877907121
68719476760|68719476914
68719476760|68719476915
68719476760|68719476916
68719476760|68719476917
68719476760|68719476918
68719476760|68719476919
68719476760|68719476920
68719476760|68719476921
137438953497|137438953658
137438953497|137438953659
137438953497|137438953660
137438953497|137438953661
137438953497|137438953662
137438953497|137438953663
137438953497|137438953664
137438953497|137438953665
137438953497|137438953666
137438953497|137438953667
137438953497|137438953668
137438953497|137438953669
137438953497|137438953670
137438953497|137438953671
137438953497|137438953672
137438953497|137438953673
137438953497|137438953674
137438953497|137438953675
137438953497|137438953676
206158430235|206158430413
206158430235|206158430414
206158430235|206158430415
206158430235|206158430416
206158430235|206158430417
206158430235|206158430418
206158430235|206158430419
206158430235|206158430420
206158430235|206158430421
206158430235|206158430422
206158430235|206158430423
206158430235|206158430424
206158430235|206158430425
206158430235|206158430426
206158430235|206158430427
274877906972|274877907164
274877906972|274877907165
274877906972|274877907166
274877906972|274877907167
274877906972|274877907168
274877906972|274877907169
274877906972|274877907170
274877906972|274877907171
137438953504|137438953702
137438953504|137438953703
137438953504|137438953704
137438953504|137438953705
137438953504|137438953706
137438953504|137438953707
137438953504|137438953708
137438953504|137438953709
137438953504|137438953710
137438953504|137438953711
137438953504|137438953712
137438953504|137438953713
137438953504|137438953714
137438953504|137438953715
137438953504|137438953716
137438953504|137438953717
137438953504|137438953718
137438953504|137438953719
137438953504|137438953720
137438953505|137438953721
137438953505|137438953722
137438953505|137438953723
137438953505|137438953724
137438953505|137438953725
137438953505|137438953726
137438953505|137438953727
137438953505|137438953728
137438953505|137438953729
274877906978|274877907202
274877906978|274877907203
274877906978|274877907204
274877906978|274877907205
274877906978|274877907206
206158430243|206158430471
206158430243|206158430472
206158430243|206158430473
206158430243|206158430474
206158430243|206158430475
206158430243|206158430476
206158430243|206158430477
206158430243|206158430478
206158430243|206158430479
206158430243|206158430480
206158430243|206158430481
206158430243|206158430482
206158430243|206158430483
206158430243|206158430484
36|277
36|278
36|279
36|280
36|281
36|282
36|283
36|284
36|285
36|286
36|287
36|288
36|289
36|290
36|291
36|292
36|293
36|294
137438953510|137438953767
137438953510|137438953768
137438953510|137438953769
137438953510|137438953770
137438953510|137438953771
137438953510|137438953772
68719476775|68719477037
68719476775|68719477038
206158430248|206158430511
206158430248|206158430512
206158430248|206158430513
274877906985|274877907250
274877906985|274877907251
274877906985|274877907252
274877906985|274877907253
274877906985|274877907254
274877906985|274877907255
274877906985|274877907256
274877906985|274877907257
274877906985|274877907258
274877906985|274877907259
274877906985|274877907260
274877906985|274877907261
274877906986|274877907262
274877906986|274877907263
274877906986|274877907264
274877906986|274877907265
274877906986|274877907266
274877906986|274877907267
68719476785|137438953796
343597383737|343597384027
343597383737|343597384028
343597383737|343597384029
343597383737|343597384030
343597383737|343597384031
343597383737|343597384032
343597383737|343597384033
343597383737|343597384034
343597383737|343597384035
343597383737|343597384036
343597383737|343597384037
343597383737|343597384038
343597383737|343597384039
343597383737|343597384040
343597383737|343597384041
343597383737|343597384042
343597383737|343597384043
343597383737|343597384044
343597383737|343597384045
343597383737|343597384046
274877907002|274877907311
274877907002|274877907312
274877907005|274877907346
274877907005|274877907347
274877907005|274877907348
274877907005|274877907349
274877907005|274877907350
274877907005|274877907351
274877907005|274877907352
274877907005|274877907353
274877907005|274877907354
274877907005|274877907355
206158430273|206158430620
206158430273|206158430621
206158430273|206158430622
206158430273|206158430623
206158430274|206158430624
206158430274|206158430625
206158430274|206158430626
206158430274|206158430627
206158430274|206158430628
206158430274|206158430629
206158430274|206158430630
206158430274|206158430631
206158430274|206158430632
206158430274|206158430633
206158430274|206158430634
206158430274|206158430635
206158430274|206158430636
206158430274|206158430637
206158430274|206158430638
206158430274|206158430639
206158430274|206158430640
206158430275|206158430641
206158430275|206158430642
206158430275|206158430643
206158430275|206158430644
206158430275|206158430645
206158430275|206158430646
206158430275|206158430647
206158430275|206158430648
206158430275|206158430649
206158430275|206158430650
206158430275|206158430651
206158430275|206158430652
206158430275|206158430653
206158430275|206158430654
206158430275|206158430655
206158430275|206158430656
206158430275|206158430657
206158430275|206158430658
206158430275|206158430659
206158430275|206158430660
206158430276|206158430661
206158430276|206158430662
206158430276|206158430663
206158430276|206158430664
206158430276|206158430665
206158430276|206158430666
206158430276|206158430667
137438953541|137438953932
137438953541|137438953933
137438953541|137438953934
137438953541|137438953935
137438953541|137438953936
137438953541|137438953937
137438953541|137438953938
137438953541|137438953939
137438953541|137438953940
137438953541|137438953941
206158430278|206158430678
206158430278|206158430679
206158430278|206158430680
206158430278|206158430681
206158430278|206158430682
206158430278|206158430683
274877907015|274877907420
274877907017|274877907421
274877907017|274877907422
274877907017|274877907423
274877907017|274877907424
343597383754|343597384161
343597383754|343597384162
343597383754|343597384163
343597383754|343597384164
343597383754|343597384165
343597383754|343597384166
343597383754|343597384167
343597383754|343597384168
343597383754|343597384169
343597383754|343597384170
343597383754|343597384171
343597383754|343597384172
343597383754|343597384173
343597383754|343597384174
343597383754|343597384175
343597383754|343597384176
343597383754|343597384177
343597383755|343597384178
343597383755|343597384179
343597383755|343597384180
343597383755|343597384181
343597383755|343597384182
343597383755|343597384183
343597383755|343597384184
343597383755|343597384185
343597383755|343597384186
343597383755|343597384187
343597383755|343597384188
343597383755|343597384189
343597383755|343597384190
343597383755|343597384191
343597383755|343597384192
343597383755|343597384193
343597383755|343597384194
343597383755|343597384195
343597383755|343597384196
206158430291|206158430730
206158430291|206158430731
206158430291|206158430732
206158430291|206158430733
206158430291|206158430734
206158430291|206158430735
206158430291|206158430736
206158430291|206158430737
206158430291|206158430738
206158430291|206158430739
206158430291|206158430740
206158430291|206158430741
206158430291|206158430742
206158430291|206158430743
206158430291|206158430744
206158430291|206158430745
343597383764|343597384218
343597383764|343597384219
343597383764|343597384220
274877907029|274877907485
274877907029|274877907486
274877907029|274877907487
274877907029|274877907488
274877907029|274877907489
274877907029|274877907490
274877907029|274877907491
274877907029|274877907492
274877907029|274877907493
274877907029|274877907494
274877907029|274877907495
274877907029|274877907496
274877907029|274877907497
206158430294|206158430762
206158430294|206158430763
206158430294|206158430764
206158430294|206158430765
206158430294|206158430766
206158430294|206158430767
206158430294|206158430768
206158430294|206158430769
206158430294|206158430770
206158430294|206158430771
206158430294|206158430772
206158430294|206158430773
206158430294|206158430774
206158430294|206158430775
206158430294|206158430776
206158430295|206158430777
206158430295|206158430778
206158430295|206158430779
206158430295|206158430780
206158430295|206158430781
206158430295|206158430782
206158430295|206158430783
206158430295|206158430784
206158430295|206158430785
206158430295|206158430786
206158430295|206158430787
206158430295|206158430788
206158430295|206158430789
206158430295|206158430790
206158430295|206158430791
343597383769|343597384264
343597383769|343597384265
343597383769|343597384266
343597383769|343597384267
343597383769|343597384268
343597383769|343597384269
343597383769|343597384270
343597383769|343597384271
343597383769|343597384272
343597383769|343597384273
343597383769|343597384274
343597383769|343597384275
343597383769|343597384276
343597383769|343597384277
343597383769|343597384278
343597383769|343597384279
343597383769|343597384280
343597383769|343597384281
274877907034|274877907546
274877907034|274877907547
274877907034|274877907548
274877907034|274877907549
274877907034|274877907550
274877907034|274877907551
274877907034|274877907552
274877907034|274877907553
274877907034|274877907554
274877907034|274877907555
274877907034|274877907556
274877907034|274877907557
274877907034|274877907558
274877907035|274877907559
274877907035|274877907560
274877907035|274877907561
274877907035|274877907562
274877907035|274877907563
274877907035|274877907564
274877907035|274877907565
274877907035|274877907566
274877907035|274877907567
274877907035|274877907568
274877907035|274877907569
274877907035|274877907570
274877907035|274877907571
274877907035|274877907572
274877907035|274877907573
274877907035|274877907574
274877907035|274877907575
274877907035|274877907576
274877907035|274877907577
274877907035|274877907578
206158430301|206158430843
206158430301|206158430844
206158430301|206158430845
206158430301|206158430846
206158430301|206158430847
206158430301|206158430848
206158430301|206158430849
206158430301|206158430850
206158430301|206158430851
206158430301|206158430852
206158430301|206158430853
274877907038|274877907590
274877907038|274877907591
274877907038|274877907592
274877907038|274877907593
274877907038|274877907594
274877907038|274877907595
274877907038|274877907596
274877907038|274877907597
274877907038|274877907598
274877907038|274877907599
274877907038|274877907600
274877907038|274877907601
274877907038|274877907602
274877907038|274877907603
274877907038|274877907604
274877907038|274877907605
274877907038|274877907606
343597383775|343597384343
343597383775|343597384344
343597383775|343597384345
343597383775|343597384346
343597383775|343597384347
343597383775|343597384348
343597383775|343597384349
343597383775|343597384350
343597383775|343597384351
343597383775|343597384352
343597383775|343597384353
343597383775|343597384354
343597383775|343597384355
343597383775|343597384356
343597383775|343597384357
343597383775|343597384358
206158430306|206158430894
206158430306|206158430895
206158430306|206158430896
206158430306|206158430897
206158430306|206158430898
206158430306|206158430899
206158430306|206158430900
206158430306|206158430901
206158430306|206158430902
206158430306|206158430903
206158430306|206158430904
206158430306|206158430905
206158430306|206158430906
274877907043|274877907643
274877907043|274877907644
274877907043|274877907645
274877907043|274877907646
274877907043|274877907647
274877907043|274877907648
274877907044|274877907649
274877907044|274877907650
274877907044|274877907651
274877907044|274877907652
274877907044|274877907653
274877907044|274877907654
274877907044|274877907655
274877907044|274877907656
274877907044|274877907657
274877907044|274877907658
274877907044|274877907659
206158430309|206158430924
206158430309|206158430925
206158430309|206158430926
206158430309|206158430927
206158430309|206158430928
206158430309|206158430929
206158430309|206158430930
206158430309|206158430931
206158430309|206158430932
206158430309|206158430933
206158430309|206158430934
206158430309|206158430935
206158430309|206158430936
206158430309|206158430937
206158430309|206158430938
206158430309|206158430939
206158430309|206158430940
343597383782|343597384413
343597383782|343597384414
343597383782|343597384415
343597383782|343597384416
343597383782|343597384417
343597383782|343597384418
343597383784|343597384419
343597383784|343597384420
343597383784|343597384421
343597383784|343597384422
343597383784|343597384423
343597383784|343597384424
343597383784|343597384425
343597383784|343597384426
343597383785|343597384427
343597383785|343597384428
343597383785|343597384429
343597383785|343597384430
343597383785|343597384431
343597383785|343597384432
343597383785|343597384433
343597383785|343597384434
343597383785|343597384435
343597383785|343597384436
343597383785|343597384437
343597383785|343597384438
274877907050|274877907703
274877907050|274877907704
274877907050|274877907705
274877907050|274877907706
274877907050|274877907707
274877907050|274877907708
274877907050|274877907709
274877907050|274877907710
274877907050|274877907711
274877907050|274877907712
274877907050|274877907713
274877907050|274877907714
206158430323|274877907724
274877907060|274877907744
274877907060|274877907745
274877907060|274877907746
274877907060|274877907747
274877907060|274877907748
274877907060|274877907749
274877907060|274877907750
274877907060|274877907751
274877907060|274877907752
274877907060|274877907753
274877907060|274877907754
274877907060|274877907755
274877907060|274877907756
274877907060|274877907757
274877907060|274877907758
274877907060|274877907759
206158430325|206158431024
206158430325|206158431025
206158430325|206158431026
206158430325|206158431027
206158430325|206158431028
206158430325|206158431029
206158430325|206158431030
206158430325|206158431031
206158430325|206158431032
206158430325|206158431033
206158430325|206158431034
206158430325|206158431035
206158430325|206158431036
206158430325|206158431037
206158430325|206158431038
206158430325|206158431039
274877907062|274877907776
274877907062|274877907777
274877907062|274877907778
274877907062|274877907779
274877907062|274877907780
274877907062|274877907781
206158430327|206158431046
206158430327|206158431047
206158430327|206158431048
206158430327|206158431049
206158430327|206158431050
206158430327|206158431051
206158430327|206158431052
206158430327|206158431053
206158430327|206158431054
206158430327|206158431055
206158430327|206158431056
206158430327|206158431057
206158430327|206158431058
206158430327|206158431059
206158430327|206158431060
206158430327|206158431061
206158430327|206158431062
206158430327|206158431063
206158430327|206158431064
206158430327|206158431065
274877907064|274877907802
206158430330|206158431067
206158430330|206158431068
206158430330|206158431069
206158430330|206158431070
137438953595|137438954335
137438953595|137438954336
137438953595|137438954337
137438953595|137438954338
137438953595|137438954339
137438953595|137438954340
137438953595|137438954341
274877907068|274877907814
274877907068|274877907815
206158430333|206158431080
206158430333|206158431081
206158430333|206158431082
206158430333|206158431083
206158430333|206158431084
206158430333|206158431085
206158430333|206158431086
206158430333|206158431087
206158430333|206158431088
206158430333|206158431089
206158430333|206158431090
206158430333|206158431091
206158430333|206158431092
206158430333|206158431093
206158430333|206158431094
137438953598|137438954359
137438953598|137438954360
137438953598|137438954361
137438953598|137438954362
137438953598|137438954363
137438953598|137438954364
137438953598|137438954365
137438953598|137438954366
137438953598|137438954367
137438953598|137438954368
137438953598|137438954369
137438953598|137438954370
137438953598|137438954371
137438953598|137438954372
137438953598|137438954373
137438953598|137438954374
137438953598|137438954375
137438953598|137438954376
137438953598|137438954377
137438953598|137438954378
137438953599|137438954379
137438953599|137438954380
137438953599|137438954381
137438953599|137438954382
137438953599|137438954383
137438953599|137438954384
137438953599|137438954385
137438953599|137438954386
137438953599|137438954387
137438953599|137438954388
137438953599|137438954389
137438953599|137438954390
137438953599|137438954391
137438953599|137438954392
137438953599|137438954393
137438953599|137438954394
137438953599|137438954395
137438953599|137438954396
206158430336|206158431133
206158430336|206158431134
206158430336|206158431135
206158430336|206158431136
206158430336|206158431137
206158430336|206158431138
206158430336|206158431139
206158430336|206158431140
206158430336|206158431141
206158430336|206158431142
68719476865|68719477671
68719476865|68719477672
68719476865|68719477673
68719476865|68719477674
68719476865|68719477675
68719476865|68719477676
68719476865|68719477677
274877907074|274877907886
274877907074|274877907887
274877907074|274877907888
274877907074|274877907889
274877907074|274877907890
274877907074|274877907891
274877907074|274877907892
274877907074|274877907893
274877907074|274877907894
274877907074|274877907895
343597383811|343597384632
343597383811|343597384633
343597383811|343597384634
343597383811|343597384635
343597383811|343597384636
343597383811|343597384637
343597383811|343597384638
206158430344|343597384642
206158430344|343597384658
206158430344|343597384689
206158430344|343597384714
206158430344|343597384731
206158430344|343597384753
206158430344|274877908049
206158430344|343597384818
206158430344|274877908111
206158430344|343597384855
206158430345|206158431576
206158430345|206158431577
206158430345|206158431578
206158430345|206158431579
206158430345|206158431580
206158430345|206158431581
206158430345|206158431582
206158430345|206158431583
206158430345|206158431584
206158430345|206158431585
206158430345|206158431586
206158430345|206158431587
206158430345|206158431588
206158430345|206158431589
206158430345|206158431590
206158430345|206158431591
206158430345|206158431592
206158430345|206158431593
206158430345|206158431594
274877907086|274877908355
274877907086|274877908356
274877907086|274877908357
274877907086|274877908358
274877907086|274877908359
274877907086|274877908360
274877907086|274877908361
274877907086|274877908362
274877907086|274877908363
274877907086|274877908364
274877907086|274877908365
274877907086|274877908366
274877907086|274877908367
274877907086|274877908368
274877907086|274877908369
274877907086|274877908370
274877907086|274877908371
137438953616|137438954900
137438953616|137438954901
137438953616|137438954902
137438953616|137438954903
137438953616|137438954904
137438953616|137438954905
137438953616|137438954906
137438953616|137438954907
137438953616|137438954908
137438953616|137438954909
137438953616|137438954910
137438953616|137438954911
137438953616|137438954912
137438953616|137438954913
137438953616|137438954914
137438953616|137438954915
137438953616|137438954916
137438953616|137438954917
137438953616|137438954918
137438953616|137438954919
206158430353|206158431656
206158430353|206158431657
343597383826|343597385130
343597383826|343597385131
343597383826|343597385132
343597383826|343597385133
343597383826|343597385134
343597383826|343597385135
343597383826|343597385136
343597383826|343597385137
343597383826|343597385138
274877907091|274877908403
274877907091|274877908404
274877907091|274877908405
274877907091|274877908406
274877907091|274877908407
274877907091|274877908408
274877907091|274877908409
274877907091|274877908410
274877907091|274877908411
274877907091|274877908412
274877907091|274877908413
274877907091|274877908414
274877907091|274877908415
206158430356|206158431680
206158430356|206158431681
206158430356|206158431682
206158430356|206158431683
206158430356|206158431684
206158430356|206158431685
206158430356|206158431686
206158430356|206158431687
206158430356|206158431688
206158430356|206158431689
206158430356|206158431690
206158430356|206158431691
206158430356|206158431692
206158430356|206158431693
206158430356|206158431694
206158430356|206158431695
206158430356|206158431696
206158430356|206158431697
206158430356|206158431698
206158430356|206158431699
206158430357|206158431700
206158430357|206158431701
274877907094|274877908438
274877907094|274877908439
274877907094|274877908440
68719476895|274877908497
68719476895|206158431764
