:ID(Forum)|title:STRING|creationDate:STRING
274877906944|Wall of Jose Alonso|2010-10-17T05:54:10.602+0000
343597383681|Album 0 of Jose Alonso|2010-12-11T22:18:33.300+0000
343597383682|Album 1 of Jose Alonso|2010-12-26T04:58:42.756+0000
343597383683|Album 2 of Jose Alonso|2010-12-13T13:36:27.636+0000
68719476740|Wall of Alexei Feltsman|2010-04-05T14:51:19.862+0000
137438953477|Wall of Yahya Ould Ahmed El Abdallahi|2010-06-04T18:54:35.021+0000
137438953478|Wall of Evangelos Alkaios|2010-07-10T04:53:30.823+0000
274877906951|Wall of Otto Richter|2010-09-25T00:19:01.149+0000
274877906952|Album 0 of Otto Richter|2010-09-25T00:55:31.746+0000
274877906954|Album 2 of Otto Richter|2010-11-07T06:13:09.766+0000
274877906956|Wall of Hossein Forouhar|2010-09-29T17:58:30.222+0000
274877906957|Album 0 of Hossein Forouhar|2010-10-30T20:48:48.761+0000
274877906960|Album 3 of Hossein Forouhar|2010-11-20T15:46:03.588+0000
343597383697|Wall of Roberto Diaz|2010-12-13T19:25:19.287+0000
19|Wall of Adje van den Berg Vries|2010-03-27T13:28:48.717+0000
206158430228|Album 0 of Adje van den Berg Vries|2010-07-31T11:25:12.448+0000
343597383701|Album 1 of Adje van den Berg Vries|2010-12-10T12:23:01.803+0000
206158430230|Album 2 of Adje van den Berg Vries|2010-07-30T07:17:21.172+0000
274877906967|Album 3 of Adje van den Berg Vries|2010-11-14T15:06:50.552+0000
68719476760|Album 4 of Adje van den Berg Vries|2010-05-13T20:02:47.661+0000
137438953497|Album 5 of Adje van den Berg Vries|2010-06-23T23:17:45.462+0000
137438953498|Album 6 of Adje van den Berg Vries|2010-07-21T07:56:15.750+0000
206158430235|Album 7 of Adje van den Berg Vries|2010-08-14T21:42:53.288+0000
274877906972|Album 8 of Adje van den Berg Vries|2010-09-25T16:21:00.229+0000
206158430238|Wall of Luigi Colombo|2010-08-07T21:10:05.155+0000
31|Wall of Baby Yang|2010-03-07T05:41:18.221+0000
137438953504|Album 0 of Baby Yang|2010-06-09T02:13:42.696+0000
137438953505|Album 1 of Baby Yang|2010-07-21T15:57:42.982+0000
274877906978|Album 2 of Baby Yang|2010-10-26T19:20:49.902+0000
206158430243|Album 3 of Baby Yang|2010-08-23T06:48:53.590+0000
36|Album 4 of Baby Yang|2010-03-30T06:50:25.202+0000
68719476773|Album 5 of Baby Yang|2010-04-20T19:44:17.208+0000
137438953510|Album 6 of Baby Yang|2010-06-16T00:39:49.605+0000
68719476775|Album 7 of Baby Yang|2010-04-07T07:06:43.740+0000
206158430248|Album 8 of Baby Yang|2010-08-02T04:58:31.527+0000
274877906985|Album 9 of Baby Yang|2010-10-16T11:32:21.204+0000
274877906986|Album 10 of Baby Yang|2010-11-03T04:57:09.291+0000
68719476779|Wall of Wei Wei|2010-04-22T13:22:21.928+0000
274877906988|Wall of Wojciech Ciesla|2010-10-02T06:52:54.765+0000
68719476781|Wall of Aleksandr Efimkin|2010-04-18T22:41:54.770+0000
137438953518|Wall of Eric Mettacara|2010-05-29T11:41:41.109+0000
274877906991|Wall of Jie Yang|2010-11-19T22:06:18.006+0000
68719476785|Wall of Ken Yamada|2010-04-16T03:51:24.078+0000
137438953522|Wall of Alim Guliyev|2010-07-25T17:05:01.119+0000
206158430259|Wall of Jan Zakrzewski|2010-08-13T04:22:03.260+0000
343597383732|Wall of Ali Ferrer|2010-12-10T03:01:01.834+0000
206158430262|Wall of Yang Liu|2010-08-18T20:42:20.705+0000
137438953527|Wall of Ali Achiou|2010-07-06T20:28:05.869+0000
343597383737|Album 1 of Ali Achiou|2010-12-13T03:29:34.120+0000
274877907002|Album 2 of Ali Achiou|2010-10-17T21:49:07.329+0000
274877907005|Album 5 of Ali Achiou|2010-10-23T18:22:09.889+0000
206158430270|Wall of Ali Abouba|2010-08-01T10:48:17.191+0000
343597383743|Wall of Alejandro Garcia|2010-11-26T10:55:46.246+0000
137438953536|Wall of Lei Zhang|2010-07-01T15:57:27.025+0000
206158430273|Album 0 of Lei Zhang|2010-09-21T07:59:55.044+0000
206158430274|Album 1 of Lei Zhang|2010-07-30T04:00:46.560+0000
206158430275|Album 2 of Lei Zhang|2010-08-28T11:19:54.224+0000
206158430276|Album 3 of Lei Zhang|2010-09-05T13:14:26.511+0000
137438953541|Album 4 of Lei Zhang|2010-07-22T15:43:10.377+0000
206158430278|Album 5 of Lei Zhang|2010-07-31T04:51:49.389+0000
274877907015|Album 6 of Lei Zhang|2010-09-24T20:17:07.206+0000
274877907016|Wall of Celso Oliveira|2010-10-05T03:29:12.147+0000
274877907017|Album 0 of Celso Oliveira|2010-11-14T11:20:06.233+0000
343597383754|Album 1 of Celso Oliveira|2010-12-15T01:09:30.974+0000
343597383755|Album 2 of Celso Oliveira|2010-12-07T10:45:23.407+0000
137438953548|Wall of Djelaludin Zaland|2010-06-20T01:29:08.974+0000
343597383760|Wall of Ayesha Ahmed|2010-12-14T10:41:47.510+0000
68719476817|Wall of Mehmet Koksal|2010-04-01T02:32:59.202+0000
206158430290|Wall of Neil Murray|2010-08-20T22:28:57.148+0000
206158430291|Album 0 of Neil Murray|2010-09-16T21:45:26.934+0000
343597383764|Album 1 of Neil Murray|2010-12-07T10:13:54.092+0000
274877907029|Album 2 of Neil Murray|2010-10-13T04:31:37.970+0000
206158430294|Album 3 of Neil Murray|2010-09-16T12:23:24.908+0000
206158430295|Album 4 of Neil Murray|2010-08-29T03:18:43.036+0000
137438953560|Wall of Jimmy Burak|2010-06-08T16:18:27.047+0000
343597383769|Album 0 of Jimmy Burak|2010-11-30T19:14:28.214+0000
274877907034|Album 1 of Jimmy Burak|2010-10-31T05:30:30.895+0000
274877907035|Album 2 of Jimmy Burak|2010-11-12T05:05:46.792+0000
206158430301|Album 4 of Jimmy Burak|2010-08-13T09:31:27.499+0000
274877907038|Album 5 of Jimmy Burak|2010-11-16T07:38:16.892+0000
343597383775|Album 6 of Jimmy Burak|2010-11-28T09:36:26.519+0000
137438953568|Wall of Chen Li|2010-07-21T14:32:38.150+0000
206158430306|Album 1 of Chen Li|2010-09-22T14:23:41.294+0000
274877907043|Album 2 of Chen Li|2010-11-01T11:48:41.586+0000
274877907044|Album 3 of Chen Li|2010-11-18T06:47:58.853+0000
206158430309|Album 4 of Chen Li|2010-07-28T22:28:28.210+0000
343597383782|Album 5 of Chen Li|2010-12-08T14:03:58.283+0000
206158430311|Wall of Cheng Wei|2010-09-06T18:37:44.594+0000
343597383784|Album 0 of Cheng Wei|2010-11-29T11:41:04.200+0000
343597383785|Album 1 of Cheng Wei|2010-11-26T19:38:33.816+0000
274877907050|Album 2 of Cheng Wei|2010-10-24T12:30:42.181+0000
137438953580|Wall of Miguel Gonzalez|2010-06-18T07:51:08.297+0000
206158430317|Wall of Yang Li|2010-08-10T10:03:33.250+0000
274877907054|Wall of Jun Li|2010-10-01T04:20:30.663+0000
111|Wall of Yang Wang|2010-03-18T22:24:27.359+0000
137438953584|Wall of Tissa Perera|2010-07-10T16:45:03.772+0000
206158430323|Wall of Bryn Davies|2010-09-03T02:46:22.785+0000
274877907060|Album 0 of Bryn Davies|2010-10-31T01:16:34.028+0000
206158430325|Album 1 of Bryn Davies|2010-09-16T00:21:56.809+0000
274877907062|Album 2 of Bryn Davies|2010-11-08T04:37:53.688+0000
206158430327|Album 3 of Bryn Davies|2010-09-05T16:08:09.144+0000
274877907064|Album 4 of Bryn Davies|2010-11-16T09:31:31.352+0000
121|Wall of Wolfgang Bauer|2010-03-08T17:02:47.516+0000
206158430330|Album 0 of Wolfgang Bauer|2010-08-01T12:32:51.036+0000
137438953595|Album 1 of Wolfgang Bauer|2010-06-23T17:26:02.178+0000
274877907068|Album 2 of Wolfgang Bauer|2010-10-23T16:04:54.073+0000
206158430333|Album 3 of Wolfgang Bauer|2010-08-18T09:16:55.612+0000
137438953598|Album 4 of Wolfgang Bauer|2010-07-03T17:57:59.776+0000
137438953599|Album 5 of Wolfgang Bauer|2010-06-13T13:18:56.964+0000
206158430336|Album 6 of Wolfgang Bauer|2010-07-27T15:54:59.687+0000
68719476865|Album 7 of Wolfgang Bauer|2010-05-17T20:53:09.272+0000
274877907074|Album 8 of Wolfgang Bauer|2010-10-15T12:50:21.054+0000
343597383811|Album 9 of Wolfgang Bauer|2010-11-29T23:33:39.676+0000
343597383812|Wall of Lin Zhang|2010-12-12T21:40:46.211+0000
137438953606|Wall of John Johnson|2010-07-19T21:54:56.575+0000
206158430344|Group for James_Monroe in New_York_City|2010-08-08T19:47:19.841+0000
206158430345|Album 0 of John Johnson|2010-08-18T08:29:42.513+0000
274877907085|Album 4 of John Johnson|2010-10-15T10:43:58.780+0000
274877907086|Album 5 of John Johnson|2010-10-11T08:15:42.736+0000
137438953615|Wall of Abdul Haris Tobing|2010-07-03T11:52:20.098+0000
137438953616|Album 0 of Abdul Haris Tobing|2010-07-26T15:24:42.139+0000
206158430353|Album 1 of Abdul Haris Tobing|2010-07-27T01:31:36.217+0000
343597383826|Album 2 of Abdul Haris Tobing|2010-12-20T13:29:47.852+0000
274877907091|Album 3 of Abdul Haris Tobing|2010-10-18T15:21:11.166+0000
206158430356|Album 4 of Abdul Haris Tobing|2010-08-06T21:41:22.499+0000
206158430357|Album 5 of Abdul Haris Tobing|2010-08-11T11:15:20.993+0000
274877907094|Album 6 of Abdul Haris Tobing|2010-10-08T21:29:28.792+0000
274877907095|Wall of Alexei Kahnovich|2010-09-24T22:45:19.786+0000
274877907100|Wall of Joakim Larsson|2010-10-20T21:36:48.635+0000
68719476895|Wall of Hans Johansson|2010-05-26T16:35:38.712+0000
274877907104|Wall of Alfonso Rodriguez|2010-10-16T01:04:50.164+0000
