:ID(Person)|id:LONG|firstName:STRING|lastName:STRING|gender:STRING|birthday:STRING|creationDate:STRING|locationIP:STRING|browserUsed:STRING
8796093022220|8796093022220|Jose|Alonso|female|1987-09-18|2010-10-17T05:54:00.602+0000|200.5.15.1|Internet Explorer
2199023255591|2199023255591|Alexei|Feltsman|female|1985-12-05|2010-04-05T14:51:09.862+0000|31.28.5.32|Firefox
4398046511124|4398046511124|Yahya Ould Ahmed El|Abdallahi|male|1989-02-28|2010-06-04T18:54:25.021+0000|41.138.128.120|Internet Explorer
4398046511105|4398046511105|Evangelos|Alkaios|male|1987-02-05|2010-07-10T04:53:20.823+0000|31.177.56.248|Internet Explorer
8796093022239|8796093022239|Otto|Richter|male|1982-11-12|2010-09-25T00:18:51.149+0000|46.1.161.149|Firefox
8796093022222|8796093022222|Hossein|Forouhar|male|1984-04-11|2010-09-29T17:58:20.222+0000|80.242.6.167|Firefox
10995116277794|10995116277794|Roberto|Diaz|female|1980-08-08|2010-12-13T19:25:09.287+0000|186.157.33.68|Firefox
48|48|Adje van den Berg|Vries|female|1986-08-07|2010-03-27T13:28:38.717+0000|192.101.114.157|Firefox
6597069766681|6597069766681|Luigi|Colombo|male|1986-11-21|2010-08-07T21:09:55.155+0000|46.30.174.108|Internet Explorer
6|6|Baby|Yang|male|1985-09-20|2010-03-07T05:41:08.221+0000|1.91.255.137|Internet Explorer
2199023255589|2199023255589|Wei|Wei|female|1985-03-14|2010-04-22T13:22:11.928+0000|1.50.49.76|Internet Explorer
8796093022235|8796093022235|Wojciech|Ciesla|male|1986-01-07|2010-10-02T06:52:44.765+0000|46.174.229.243|Internet Explorer
2199023255555|2199023255555|Aleksandr|Efimkin|male|1981-09-08|2010-04-18T22:41:44.770+0000|31.29.176.238|Internet Explorer
4398046511109|4398046511109|Eric|Mettacara|male|1989-09-05|2010-05-29T11:41:31.109+0000|61.4.70.129|Firefox
8796093022232|8796093022232|Jie|Yang|male|1980-12-29|2010-11-19T22:06:08.006+0000|27.54.227.49|Firefox
2199023255574|2199023255574|Ken|Yamada|male|1986-11-12|2010-04-16T03:51:14.078+0000|27.114.117.247|Internet Explorer
4398046511113|4398046511113|Alim|Guliyev|female|1984-11-07|2010-07-25T17:04:51.119+0000|213.172.70.115|Firefox
6597069766672|6597069766672|Jan|Zakrzewski|female|1986-08-05|2010-08-13T04:21:53.260+0000|46.134.160.220|Chrome
10995116277793|10995116277793|Ali|Ferrer|female|1981-06-30|2010-12-10T03:00:51.834+0000|195.39.218.25|Safari
6597069766692|6597069766692|Yang|Liu|male|1986-09-27|2010-08-18T20:42:10.705+0000|1.4.4.161|Chrome
4398046511146|4398046511146|Ali|Achiou|female|1981-04-11|2010-07-06T20:27:55.869+0000|41.220.144.245|Firefox
6597069766701|6597069766701|Ali|Abouba|male|1987-06-29|2010-08-01T10:48:07.191+0000|41.190.231.209|Internet Explorer
10995116277806|10995116277806|Alejandro|Garcia|male|1987-01-16|2010-11-26T10:55:36.246+0000|189.211.53.44|Firefox
4398046511133|4398046511133|Lei|Zhang|male|1986-08-23|2010-07-01T15:57:17.025+0000|27.152.223.174|Firefox
8796093022248|8796093022248|Celso|Oliveira|male|1988-09-23|2010-10-05T03:29:02.147+0000|198.184.161.200|Chrome
4398046511112|4398046511112|Djelaludin|Zaland|male|1983-06-23|2010-06-20T01:28:58.974+0000|175.106.62.55|Internet Explorer
10995116277795|10995116277795|Ayesha|Ahmed|male|1988-12-13|2010-12-14T10:41:37.510+0000|103.4.95.154|Chrome
2199023255565|2199023255565|Mehmet|Koksal|female|1988-01-04|2010-04-01T02:32:49.202+0000|89.19.15.175|Firefox
6597069766674|6597069766674|Neil|Murray|female|1982-09-15|2010-08-20T22:28:47.148+0000|41.76.112.129|Firefox
4398046511123|4398046511123|Jimmy|Burak|female|1984-09-01|2010-06-08T16:18:17.047+0000|196.12.14.141|Firefox
4398046511147|4398046511147|Chen|Li|female|1987-12-25|2010-07-21T14:32:28.150+0000|1.0.1.30|Chrome
6597069766667|6597069766667|Cheng|Wei|male|1981-05-08|2010-09-06T18:37:34.594+0000|14.0.3.125|Chrome
4398046511136|4398046511136|Miguel|Gonzalez|male|1981-10-18|2010-06-18T07:50:58.297+0000|189.241.128.207|Chrome
6597069766656|6597069766656|Yang|Li|male|1985-03-27|2010-08-10T10:03:23.250+0000|1.2.56.235|Internet Explorer
8796093022215|8796093022215|Jun|Li|female|1987-10-06|2010-10-01T04:20:20.663+0000|27.41.209.192|Chrome
41|41|Yang|Wang|male|1986-09-22|2010-03-18T22:24:17.359+0000|1.2.15.31|Safari
4398046511151|4398046511151|Tissa|Perera|male|1983-06-09|2010-07-10T16:44:53.772+0000|220.247.197.229|Safari
6597069766660|6597069766660|Bryn|Davies|male|1985-07-03|2010-09-03T02:46:12.785+0000|31.222.75.131|Internet Explorer
10|10|Wolfgang|Bauer|male|1989-11-20|2010-03-08T17:02:37.516+0000|2.171.80.164|Internet Explorer
10995116277809|10995116277809|Lin|Zhang|male|1981-05-01|2010-12-12T21:40:36.211+0000|27.50.186.50|Safari
4398046511127|4398046511127|John|Johnson|male|1989-06-08|2010-07-19T21:54:46.575+0000|23.19.112.38|Firefox
4398046511106|4398046511106|Abdul Haris|Tobing|female|1989-12-12|2010-07-03T11:52:10.098+0000|103.3.209.11|Chrome
8796093022252|8796093022252|Alexei|Kahnovich|female|1985-07-12|2010-09-24T22:45:09.786+0000|2.62.32.63|Internet Explorer
8796093022238|8796093022238|Joakim|Larsson|female|1980-04-23|2010-10-20T21:36:38.635+0000|209.95.156.119|Internet Explorer
2199023255580|2199023255580|Hans|Johansson|female|1982-05-28|2010-05-26T16:35:28.712+0000|62.247.207.42|Firefox
8796093022246|8796093022246|Alfonso|Rodriguez|female|1984-05-11|2010-10-16T01:04:40.164+0000|189.204.77.143|Internet Explorer
